Date,Shift,Machine_ID,Planned_Production_Time_mins,Downtime_mins,Ideal_Cycle_Time_sec,Total_Parts_Produced,Rejected_Parts,Good_Parts,Availability,Performance,Quality,OEE,Availability_pct,Performance_pct,Quality_pct,Primary_Loss,OEE_Category,Anomaly_Score,Is_Anomaly
2026-07-01,A,M1-HPDC,480,49,34.29,682,80,602,0.8979166666666667,0.904322505800464,0.8826979472140762,71.68,89.79,90.43,88.27,Quality Loss,🟡 Average,1,✅ Normal
2026-07-01,A,M2-HPDC,480,49,28.37,774,23,751,0.8979166666666667,0.8491252900232019,0.9702842377260982,73.98,89.79,84.91,97.03,Performance Loss,🟡 Average,1,✅ Normal
2026-07-01,A,M3-HPDC,480,136,34.44,545,29,516,0.7166666666666667,0.9093895348837209,0.9467889908256881,61.7,71.67,90.94,94.68,Availability Loss,🔴 Below Average,-1,⚠️ Anomaly
2026-07-01,A,M4-HPDC,480,16,28.05,833,27,806,0.9666666666666667,0.8392834051724138,0.9675870348139256,78.5,96.67,83.93,96.76,Performance Loss,🟡 Average,1,✅ Normal
2026-07-01,B,M1-HPDC,480,35,30.32,681,45,636,0.9270833333333334,0.7733303370786517,0.933920704845815,66.96,92.71,77.33,93.39,Performance Loss,🟡 Average,1,✅ Normal
2026-07-01,B,M2-HPDC,480,23,31.8,671,25,646,0.9520833333333333,0.778183807439825,0.96274217585693,71.33,95.21,77.82,96.27,Performance Loss,🟡 Average,1,✅ Normal
2026-07-01,B,M3-HPDC,480,60,31.36,576,31,545,0.875,0.7168,0.9461805555555556,59.34,87.5,71.68,94.62,Performance Loss,🔴 Below Average,1,✅ Normal
2026-07-01,B,M4-HPDC,480,29,28.01,873,35,838,0.9395833333333333,0.9036485587583148,0.9599083619702177,81.5,93.96,90.36,95.99,Quality Loss,🟡 Average,1,✅ Normal
2026-07-01,C,M1-HPDC,480,95,31.07,636,12,624,0.8020833333333334,0.8554337662337662,0.9811320754716981,67.32,80.21,85.54,98.11,Availability Loss,🟡 Average,1,✅ Normal
2026-07-01,C,M2-HPDC,480,68,30.46,552,50,502,0.8583333333333333,0.6801747572815535,0.9094202898550725,53.09,85.83,68.02,90.94,Performance Loss,🔴 Below Average,1,✅ Normal
2026-07-01,C,M3-HPDC,480,112,33.96,484,21,463,0.7666666666666667,0.7444130434782609,0.9566115702479339,54.6,76.67,74.44,95.66,Availability Loss,🔴 Below Average,1,✅ Normal
2026-07-01,C,M4-HPDC,480,42,32.63,541,26,515,0.9125,0.6717210806697109,0.9519408502772643,58.35,91.25,67.17,95.19,Performance Loss,🔴 Below Average,1,✅ Normal
2026-07-02,A,M1-HPDC,480,20,30.68,749,24,725,0.9583333333333334,0.8325840579710145,0.9679572763684913,77.23,95.83,83.26,96.8,Performance Loss,🟡 Average,1,✅ Normal
2026-07-02,A,M2-HPDC,480,15,28.2,669,77,592,0.96875,0.6761935483870968,0.8849028400597907,57.97,96.88,67.62,88.49,Performance Loss,🔴 Below Average,1,✅ Normal
2026-07-02,A,M3-HPDC,480,73,29.45,606,47,559,0.8479166666666667,0.7308230958230959,0.9224422442244224,57.16,84.79,73.08,92.24,Availability Loss,🔴 Below Average,1,✅ Normal
2026-07-02,A,M4-HPDC,480,10,33.8,590,63,527,0.9791666666666666,0.7071631205673758,0.8932203389830509,61.85,97.92,70.72,89.32,Performance Loss,🔴 Below Average,1,✅ Normal
2026-07-02,B,M1-HPDC,480,26,30.23,608,33,575,0.9458333333333333,0.6747371512481645,0.9457236842105263,60.36,94.58,67.47,94.57,Performance Loss,🔴 Below Average,1,✅ Normal
2026-07-02,B,M2-HPDC,480,19,28.49,661,41,620,0.9604166666666667,0.6808347794649313,0.9379727685325264,61.33,96.04,68.08,93.8,Performance Loss,🔴 Below Average,1,✅ Normal
2026-07-02,B,M3-HPDC,480,82,29.19,774,76,698,0.8291666666666667,0.946108040201005,0.9018087855297158,70.75,82.92,94.61,90.18,Availability Loss,🟡 Average,1,✅ Normal
2026-07-02,B,M4-HPDC,480,22,33.52,639,74,565,0.9541666666666667,0.7794497816593887,0.8841940532081377,65.76,95.42,77.94,88.42,Performance Loss,🟡 Average,1,✅ Normal
2026-07-02,C,M1-HPDC,480,70,28.59,650,63,587,0.8541666666666666,0.7554268292682926,0.9030769230769231,58.27,85.42,75.54,90.31,Performance Loss,🔴 Below Average,1,✅ Normal
2026-07-02,C,M2-HPDC,480,51,30.23,689,65,624,0.89375,0.8091868686868687,0.9056603773584906,65.5,89.38,80.92,90.57,Performance Loss,🟡 Average,1,✅ Normal
2026-07-02,C,M3-HPDC,480,81,32.75,547,12,535,0.83125,0.7482978279030911,0.9780621572212066,60.84,83.12,74.83,97.81,Availability Loss,🔴 Below Average,1,✅ Normal
2026-07-02,C,M4-HPDC,480,69,34.54,597,44,553,0.85625,0.8361873479318735,0.9262981574539364,66.32,85.62,83.62,92.63,Performance Loss,🟡 Average,1,✅ Normal
2026-07-03,A,M1-HPDC,480,56,28.12,599,29,570,0.8833333333333333,0.6621022012578617,0.9515859766277128,55.65,88.33,66.21,95.16,Performance Loss,🔴 Below Average,1,✅ Normal
2026-07-03,A,M2-HPDC,480,11,31.15,734,57,677,0.9770833333333333,0.8125124378109452,0.9223433242506812,73.22,97.71,81.25,92.23,Performance Loss,🟡 Average,1,✅ Normal
2026-07-03,A,M3-HPDC,480,73,32.15,646,69,577,0.8479166666666667,0.8504873054873054,0.8931888544891641,64.41,84.79,85.05,89.32,Availability Loss,🔴 Below Average,1,✅ Normal
2026-07-03,A,M4-HPDC,480,44,28.17,659,63,596,0.9083333333333333,0.7096341743119267,0.9044006069802731,58.3,90.83,70.96,90.44,Performance Loss,🔴 Below Average,1,✅ Normal
2026-07-03,B,M1-HPDC,480,24,34.43,660,75,585,0.95,0.8305482456140351,0.8863636363636364,69.94,95.0,83.05,88.64,Performance Loss,🟡 Average,1,✅ Normal
2026-07-03,B,M2-HPDC,480,37,30.69,806,75,731,0.9229166666666667,0.9306297968397291,0.9069478908188585,77.9,92.29,93.06,90.69,Quality Loss,🟡 Average,1,✅ Normal
2026-07-03,B,M3-HPDC,480,117,33.85,582,19,563,0.75625,0.9045316804407714,0.9673539518900344,66.17,75.62,90.45,96.74,Availability Loss,🟡 Average,1,✅ Normal
2026-07-03,B,M4-HPDC,480,34,32.73,710,59,651,0.9291666666666667,0.868396860986547,0.9169014084507042,73.98,92.92,86.84,91.69,Quality Loss,🟡 Average,1,✅ Normal
2026-07-03,C,M1-HPDC,480,72,34.55,599,61,538,0.85,0.8454023692810456,0.8981636060100167,64.54,85.0,84.54,89.82,Performance Loss,🔴 Below Average,1,✅ Normal
2026-07-03,C,M2-HPDC,480,64,28.2,579,62,517,0.8666666666666667,0.6541586538461538,0.8929188255613126,50.62,86.67,65.42,89.29,Performance Loss,🔴 Below Average,1,✅ Normal
2026-07-03,C,M3-HPDC,480,85,33.59,494,31,463,0.8229166666666666,0.7001459915611815,0.937246963562753,54.0,82.29,70.01,93.72,Availability Loss,🔴 Below Average,1,✅ Normal
2026-07-03,C,M4-HPDC,480,78,34.27,633,40,593,0.8375,0.8993743781094529,0.9368088467614534,70.56,83.75,89.94,93.68,Availability Loss,🟡 Average,1,✅ Normal
2026-07-04,A,M1-HPDC,480,56,33.07,565,55,510,0.8833333333333333,0.7344555817610062,0.9026548672566371,58.56,88.33,73.45,90.27,Performance Loss,🔴 Below Average,1,✅ Normal
2026-07-04,A,M2-HPDC,480,22,30.86,603,39,564,0.9541666666666667,0.6771681222707423,0.9353233830845771,60.43,95.42,67.72,93.53,Performance Loss,🔴 Below Average,1,✅ Normal
2026-07-04,A,M3-HPDC,480,88,28.96,661,27,634,0.8166666666666667,0.8138843537414967,0.9591527987897126,63.75,81.67,81.39,95.92,Availability Loss,🔴 Below Average,1,✅ Normal
2026-07-04,A,M4-HPDC,480,40,30.51,643,74,569,0.9166666666666666,0.7431034090909091,0.8849144634525661,60.28,91.67,74.31,88.49,Performance Loss,🔴 Below Average,1,✅ Normal
2026-07-04,B,M1-HPDC,480,22,30.93,823,80,743,0.9541666666666667,0.9263242358078603,0.9027946537059538,79.8,95.42,92.63,90.28,Quality Loss,🟡 Average,1,✅ Normal
2026-07-04,B,M2-HPDC,480,41,29.78,659,64,595,0.9145833333333333,0.7450652999240699,0.9028831562974203,61.52,91.46,74.51,90.29,Performance Loss,🔴 Below Average,1,✅ Normal
2026-07-04,B,M3-HPDC,480,148,33.69,528,28,500,0.6916666666666667,0.8929879518072289,0.946969696969697,58.49,69.17,89.3,94.7,Availability Loss,🔴 Below Average,-1,⚠️ Anomaly
2026-07-04,B,M4-HPDC,480,45,29.23,623,31,592,0.90625,0.6977122605363985,0.9502407704654896,60.08,90.62,69.77,95.02,Performance Loss,🔴 Below Average,1,✅ Normal
2026-07-04,C,M1-HPDC,480,49,28.8,713,14,699,0.8979166666666667,0.7940603248259861,0.9803646563814866,69.9,89.79,79.41,98.04,Performance Loss,🟡 Average,1,✅ Normal
2026-07-04,C,M2-HPDC,480,95,31.87,573,24,549,0.8020833333333334,0.7905415584415585,0.9581151832460733,60.75,80.21,79.05,95.81,Availability Loss,🔴 Below Average,1,✅ Normal
2026-07-04,C,M3-HPDC,480,150,34.98,483,29,454,0.6875,0.8533000000000001,0.9399585921325052,55.14,68.75,85.33,94.0,Availability Loss,🔴 Below Average,-1,⚠️ Anomaly
2026-07-04,C,M4-HPDC,480,74,33.34,668,47,621,0.8458333333333333,0.9142495894909689,0.9296407185628742,71.89,84.58,91.42,92.96,Availability Loss,🟡 Average,1,✅ Normal
2026-07-05,A,M1-HPDC,480,31,28.68,886,62,824,0.9354166666666667,0.9432249443207127,0.9300225733634312,82.06,93.54,94.32,93.0,Quality Loss,🟡 Average,1,✅ Normal
2026-07-05,A,M2-HPDC,480,45,29.05,695,25,670,0.90625,0.7735536398467433,0.9640287769784173,67.58,90.62,77.36,96.4,Performance Loss,🟡 Average,1,✅ Normal
2026-07-05,A,M3-HPDC,480,104,31.24,669,23,646,0.7833333333333333,0.9263989361702126,0.9656203288490284,70.07,78.33,92.64,96.56,Availability Loss,🟡 Average,1,✅ Normal
2026-07-05,A,M4-HPDC,480,45,28.77,635,75,560,0.90625,0.6999597701149426,0.8818897637795275,55.94,90.62,70.0,88.19,Performance Loss,🔴 Below Average,1,✅ Normal
2026-07-05,B,M1-HPDC,480,34,29.84,611,59,552,0.9291666666666667,0.6813243647234679,0.9034369885433715,57.19,92.92,68.13,90.34,Performance Loss,🔴 Below Average,1,✅ Normal
2026-07-05,B,M2-HPDC,480,50,30.54,619,44,575,0.8958333333333334,0.7327232558139535,0.9289176090468497,60.97,89.58,73.27,92.89,Performance Loss,🔴 Below Average,1,✅ Normal
2026-07-05,B,M3-HPDC,480,144,29.68,640,73,567,0.7,0.9422222222222223,0.8859375,58.43,70.0,94.22,88.59,Availability Loss,🔴 Below Average,-1,⚠️ Anomaly
2026-07-05,B,M4-HPDC,480,23,31.76,696,28,668,0.9520833333333333,0.8061619256017506,0.9597701149425287,73.67,95.21,80.62,95.98,Performance Loss,🟡 Average,1,✅ Normal
2026-07-05,C,M1-HPDC,480,72,33.03,680,15,665,0.85,0.9175000000000001,0.9779411764705882,76.27,85.0,91.75,97.79,Quality Loss,🟡 Average,1,✅ Normal
2026-07-05,C,M2-HPDC,480,44,31.14,658,30,628,0.9083333333333333,0.7832614678899082,0.9544072948328267,67.9,90.83,78.33,95.44,Performance Loss,🟡 Average,1,✅ Normal
2026-07-05,C,M3-HPDC,480,77,34.96,615,34,581,0.8395833333333333,0.889181141439206,0.9447154471544715,70.53,83.96,88.92,94.47,Availability Loss,🟡 Average,1,✅ Normal
2026-07-05,C,M4-HPDC,480,61,33.21,711,65,646,0.8729166666666667,0.9392326968973748,0.9085794655414908,74.49,87.29,93.92,90.86,Quality Loss,🟡 Average,1,✅ Normal
2026-07-06,A,M1-HPDC,480,59,30.82,692,34,658,0.8770833333333333,0.8443167062549485,0.9508670520231214,70.42,87.71,84.43,95.09,Performance Loss,🟡 Average,1,✅ Normal
2026-07-06,A,M2-HPDC,480,44,28.23,660,78,582,0.9083333333333333,0.7122247706422018,0.8818181818181818,57.05,90.83,71.22,88.18,Performance Loss,🔴 Below Average,1,✅ Normal
2026-07-06,A,M3-HPDC,480,81,28.86,672,33,639,0.83125,0.8101052631578947,0.9508928571428571,64.03,83.12,81.01,95.09,Availability Loss,🔴 Below Average,1,✅ Normal
2026-07-06,A,M4-HPDC,480,49,31.39,592,18,574,0.8979166666666667,0.7185955143078113,0.9695945945945946,62.56,89.79,71.86,96.96,Performance Loss,🔴 Below Average,1,✅ Normal
2026-07-06,B,M1-HPDC,480,19,28.63,755,48,707,0.9604166666666667,0.7814768618944323,0.9364238410596026,70.28,96.04,78.15,93.64,Performance Loss,🟡 Average,1,✅ Normal
2026-07-06,B,M2-HPDC,480,53,34.27,568,27,541,0.8895833333333333,0.7597720530835285,0.9524647887323944,64.38,88.96,75.98,95.25,Performance Loss,🔴 Below Average,1,✅ Normal
2026-07-06,B,M3-HPDC,480,131,33.01,580,53,527,0.7270833333333333,0.9143170964660936,0.9086206896551724,60.4,72.71,91.43,90.86,Availability Loss,🔴 Below Average,-1,⚠️ Anomaly
2026-07-06,B,M4-HPDC,480,44,34.99,519,18,501,0.9083333333333333,0.6941823394495413,0.9653179190751445,60.87,90.83,69.42,96.53,Performance Loss,🔴 Below Average,1,✅ Normal
2026-07-06,C,M1-HPDC,480,83,29.41,629,57,572,0.8270833333333333,0.7766116708648194,0.9093799682034976,58.41,82.71,77.66,90.94,Availability Loss,🔴 Below Average,1,✅ Normal
2026-07-06,C,M2-HPDC,480,74,31.53,515,48,467,0.8458333333333333,0.666582512315271,0.9067961165048544,51.13,84.58,66.66,90.68,Availability Loss,🔴 Below Average,1,✅ Normal
2026-07-06,C,M3-HPDC,480,107,33.13,545,11,534,0.7770833333333333,0.8067850759606793,0.9798165137614679,61.43,77.71,80.68,97.98,Availability Loss,🔴 Below Average,1,✅ Normal
2026-07-06,C,M4-HPDC,480,57,32.57,572,15,557,0.88125,0.7340441292356187,0.9737762237762237,62.99,88.12,73.4,97.38,Performance Loss,🔴 Below Average,1,✅ Normal
2026-07-07,A,M1-HPDC,480,58,30.2,582,49,533,0.8791666666666667,0.694170616113744,0.915807560137457,55.89,87.92,69.42,91.58,Performance Loss,🔴 Below Average,1,✅ Normal
2026-07-07,A,M2-HPDC,480,33,31.92,639,57,582,0.93125,0.760510067114094,0.9107981220657277,64.5,93.12,76.05,91.08,Performance Loss,🔴 Below Average,1,✅ Normal
2026-07-07,A,M3-HPDC,480,119,28.02,724,19,705,0.7520833333333333,0.9365872576177285,0.9737569060773481,68.59,75.21,93.66,97.38,Availability Loss,🟡 Average,-1,⚠️ Anomaly
2026-07-07,A,M4-HPDC,480,53,28.84,742,32,710,0.8895833333333333,0.8352568306010929,0.9568733153638814,71.1,88.96,83.53,95.69,Performance Loss,🟡 Average,1,✅ Normal
2026-07-07,B,M1-HPDC,480,57,33.51,649,69,580,0.88125,0.8568947990543735,0.8936825885978429,67.49,88.12,85.69,89.37,Quality Loss,🟡 Average,1,✅ Normal
2026-07-07,B,M2-HPDC,480,59,30.27,750,48,702,0.8770833333333333,0.8987529691211401,0.936,73.78,87.71,89.88,93.6,Quality Loss,🟡 Average,1,✅ Normal
2026-07-07,B,M3-HPDC,480,90,30.03,600,60,540,0.8125,0.77,0.9,56.31,81.25,77.0,90.0,Availability Loss,🔴 Below Average,1,✅ Normal
2026-07-07,B,M4-HPDC,480,17,34.24,758,26,732,0.9645833333333333,0.9342663786897049,0.9656992084432717,87.03,96.46,93.43,96.57,Quality Loss,🟢 World Class,-1,⚠️ Anomaly
2026-07-07,C,M1-HPDC,480,99,34.9,450,42,408,0.79375,0.687007874015748,0.9066666666666666,49.44,79.38,68.7,90.67,Availability Loss,🔴 Below Average,1,✅ Normal
2026-07-07,C,M2-HPDC,480,94,31.69,642,68,574,0.8041666666666667,0.8784533678756477,0.8940809968847352,63.16,80.42,87.85,89.41,Availability Loss,🔴 Below Average,1,✅ Normal
2026-07-07,C,M3-HPDC,480,108,33.8,593,46,547,0.775,0.8980017921146952,0.9224283305227656,64.2,77.5,89.8,92.24,Availability Loss,🔴 Below Average,1,✅ Normal
2026-07-07,C,M4-HPDC,480,76,34.12,502,24,478,0.8416666666666667,0.7066105610561055,0.952191235059761,56.63,84.17,70.66,95.22,Availability Loss,🔴 Below Average,1,✅ Normal
2026-07-08,A,M1-HPDC,480,41,32.46,679,76,603,0.9145833333333333,0.8367630979498861,0.8880706921944035,67.96,91.46,83.68,88.81,Performance Loss,🟡 Average,1,✅ Normal
2026-07-08,A,M2-HPDC,480,20,29.11,742,49,693,0.9583333333333334,0.7825949275362318,0.9339622641509434,70.05,95.83,78.26,93.4,Performance Loss,🟡 Average,1,✅ Normal
2026-07-08,A,M3-HPDC,480,121,30.01,680,69,611,0.7479166666666667,0.9473909006499536,0.8985294117647059,63.67,74.79,94.74,89.85,Availability Loss,🔴 Below Average,-1,⚠️ Anomaly
2026-07-08,A,M4-HPDC,480,22,32.69,678,33,645,0.9541666666666667,0.8065436681222707,0.9513274336283186,73.21,95.42,80.65,95.13,Performance Loss,🟡 Average,1,✅ Normal
2026-07-08,B,M1-HPDC,480,21,28.5,656,18,638,0.95625,0.6788671023965142,0.9725609756097561,63.14,95.62,67.89,97.26,Performance Loss,🔴 Below Average,1,✅ Normal
2026-07-08,B,M2-HPDC,480,56,28.82,835,96,739,0.8833333333333333,0.945939465408805,0.8850299401197604,73.95,88.33,94.59,88.5,Quality Loss,🟡 Average,1,✅ Normal
2026-07-08,B,M3-HPDC,480,90,33.84,534,62,472,0.8125,0.7722461538461539,0.8838951310861424,55.46,81.25,77.22,88.39,Availability Loss,🔴 Below Average,1,✅ Normal
2026-07-08,B,M4-HPDC,480,23,29.33,697,47,650,0.9520833333333333,0.7455510576221736,0.9325681492109039,66.2,95.21,74.56,93.26,Performance Loss,🟡 Average,1,✅ Normal
2026-07-08,C,M1-HPDC,480,40,34.49,646,42,604,0.9166666666666666,0.8439598484848485,0.934984520123839,72.33,91.67,84.4,93.5,Performance Loss,🟡 Average,1,✅ Normal
2026-07-08,C,M2-HPDC,480,40,33.53,660,64,596,0.9166666666666666,0.8382499999999999,0.9030303030303031,69.39,91.67,83.82,90.3,Performance Loss,🟡 Average,1,✅ Normal
2026-07-08,C,M3-HPDC,480,112,31.66,477,46,431,0.7666666666666667,0.6839592391304348,0.9035639412997903,47.38,76.67,68.4,90.36,Availability Loss,🔴 Below Average,-1,⚠️ Anomaly
2026-07-08,C,M4-HPDC,480,67,31.43,606,22,584,0.8604166666666667,0.7686271186440677,0.9636963696369637,63.73,86.04,76.86,96.37,Performance Loss,🔴 Below Average,1,✅ Normal
2026-07-09,A,M1-HPDC,480,13,31.87,781,79,702,0.9729166666666667,0.8883108493932905,0.8988476312419974,77.68,97.29,88.83,89.88,Quality Loss,🟡 Average,1,✅ Normal
2026-07-09,A,M2-HPDC,480,23,28.82,773,79,694,0.9520833333333333,0.8124675419401897,0.8978007761966365,69.45,95.21,81.25,89.78,Performance Loss,🟡 Average,1,✅ Normal
2026-07-09,A,M3-HPDC,480,75,29.36,760,55,705,0.84375,0.9182551440329217,0.9276315789473685,71.87,84.38,91.83,92.76,Availability Loss,🟡 Average,1,✅ Normal
2026-07-09,A,M4-HPDC,480,56,32.21,747,81,666,0.8833333333333333,0.9457889150943396,0.891566265060241,74.49,88.33,94.58,89.16,Quality Loss,🟡 Average,1,✅ Normal
2026-07-09,B,M1-HPDC,480,26,33.09,644,18,626,0.9458333333333333,0.7823039647577094,0.9720496894409938,71.92,94.58,78.23,97.2,Performance Loss,🟡 Average,1,✅ Normal
2026-07-09,B,M2-HPDC,480,24,31.93,674,56,618,0.95,0.7865796783625731,0.9169139465875371,68.52,95.0,78.66,91.69,Performance Loss,🟡 Average,1,✅ Normal
2026-07-09,B,M3-HPDC,480,148,29.62,441,30,411,0.6916666666666667,0.6557439759036144,0.9319727891156463,42.27,69.17,65.57,93.2,Availability Loss,🔴 Below Average,-1,⚠️ Anomaly
2026-07-09,B,M4-HPDC,480,37,28.49,832,98,734,0.9229166666666667,0.8917863054928518,0.8822115384615384,72.61,92.29,89.18,88.22,Quality Loss,🟡 Average,1,✅ Normal
2026-07-09,C,M1-HPDC,480,98,29.16,584,53,531,0.7958333333333333,0.7429947643979057,0.9092465753424658,53.76,79.58,74.3,90.92,Availability Loss,🔴 Below Average,1,✅ Normal
2026-07-09,C,M2-HPDC,480,77,28.93,566,15,551,0.8395833333333333,0.6771869313482216,0.9734982332155477,55.35,83.96,67.72,97.35,Availability Loss,🔴 Below Average,1,✅ Normal
2026-07-09,C,M3-HPDC,480,147,28.49,573,61,512,0.69375,0.8170555555555555,0.893542757417103,50.65,69.38,81.71,89.35,Availability Loss,🔴 Below Average,-1,⚠️ Anomaly
2026-07-09,C,M4-HPDC,480,66,31.53,721,34,687,0.8625,0.9151823671497585,0.9528432732316228,75.21,86.25,91.52,95.28,Quality Loss,🟡 Average,1,✅ Normal
2026-07-10,A,M1-HPDC,480,52,33.45,693,77,616,0.8916666666666667,0.9026810747663552,0.8888888888888888,71.55,89.17,90.27,88.89,Quality Loss,🟡 Average,1,✅ Normal
2026-07-10,A,M2-HPDC,480,26,34.34,719,86,633,0.9458333333333333,0.9064045521292219,0.8803894297635605,75.48,94.58,90.64,88.04,Quality Loss,🟡 Average,1,✅ Normal
2026-07-10,A,M3-HPDC,480,60,32.75,629,72,557,0.875,0.8174503968253968,0.8855325914149443,63.34,87.5,81.75,88.55,Performance Loss,🔴 Below Average,1,✅ Normal
2026-07-10,A,M4-HPDC,480,24,30.8,704,34,670,0.95,0.792514619883041,0.9517045454545454,71.65,95.0,79.25,95.17,Performance Loss,🟡 Average,1,✅ Normal
2026-07-10,B,M1-HPDC,480,16,32.83,639,57,582,0.9666666666666667,0.7535334051724137,0.9107981220657277,66.34,96.67,75.35,91.08,Performance Loss,🟡 Average,1,✅ Normal
2026-07-10,B,M2-HPDC,480,23,31.62,583,45,538,0.9520833333333333,0.6722997811816193,0.9228130360205832,59.07,95.21,67.23,92.28,Performance Loss,🔴 Below Average,1,✅ Normal
2026-07-10,B,M3-HPDC,480,115,31.12,626,56,570,0.7604166666666666,0.8895488584474885,0.9105431309904153,61.59,76.04,88.95,91.05,Availability Loss,🔴 Below Average,1,✅ Normal
2026-07-10,B,M4-HPDC,480,30,31.19,778,41,737,0.9375,0.898734074074074,0.9473007712082262,79.82,93.75,89.87,94.73,Quality Loss,🟡 Average,1,✅ Normal
2026-07-10,C,M1-HPDC,480,76,32.94,491,50,441,0.8416666666666667,0.6672252475247524,0.8981670061099797,50.44,84.17,66.72,89.82,Availability Loss,🔴 Below Average,1,✅ Normal
2026-07-10,C,M2-HPDC,480,91,28.75,558,20,538,0.8104166666666667,0.6873393316195373,0.96415770609319,53.71,81.04,68.73,96.42,Availability Loss,🔴 Below Average,1,✅ Normal
2026-07-10,C,M3-HPDC,480,120,31.87,594,21,573,0.75,0.8764249999999999,0.9646464646464646,63.41,75.0,87.64,96.46,Availability Loss,🔴 Below Average,1,✅ Normal
2026-07-10,C,M4-HPDC,480,69,33.74,526,58,468,0.85625,0.7196772100567722,0.8897338403041825,54.83,85.62,71.97,88.97,Performance Loss,🔴 Below Average,1,✅ Normal
2026-07-11,A,M1-HPDC,480,48,33.88,630,74,556,0.9,0.8234722222222223,0.8825396825396825,65.41,90.0,82.35,88.25,Performance Loss,🟡 Average,1,✅ Normal
2026-07-11,A,M2-HPDC,480,52,32.67,646,67,579,0.8916666666666667,0.8218387850467289,0.8962848297213623,65.68,89.17,82.18,89.63,Performance Loss,🟡 Average,1,✅ Normal
2026-07-11,A,M3-HPDC,480,90,34.3,583,46,537,0.8125,0.854568376068376,0.9210977701543739,63.96,81.25,85.46,92.11,Availability Loss,🔴 Below Average,1,✅ Normal
2026-07-11,A,M4-HPDC,480,41,29.86,642,42,600,0.9145833333333333,0.7277949886104783,0.9345794392523364,62.21,91.46,72.78,93.46,Performance Loss,🔴 Below Average,1,✅ Normal
2026-07-11,B,M1-HPDC,480,21,34.93,525,27,498,0.95625,0.6658769063180828,0.9485714285714286,60.4,95.62,66.59,94.86,Performance Loss,🔴 Below Average,1,✅ Normal
2026-07-11,B,M2-HPDC,480,55,31.87,662,74,588,0.8854166666666666,0.8273701960784314,0.8882175226586103,65.07,88.54,82.74,88.82,Performance Loss,🟡 Average,1,✅ Normal
2026-07-11,B,M3-HPDC,480,124,30.21,461,41,420,0.7416666666666667,0.6520042134831461,0.911062906724512,44.06,74.17,65.2,91.11,Availability Loss,🔴 Below Average,-1,⚠️ Anomaly
2026-07-11,B,M4-HPDC,480,27,30.29,629,27,602,0.94375,0.7009716703458425,0.9570747217806042,63.31,94.38,70.1,95.71,Performance Loss,🔴 Below Average,1,✅ Normal
2026-07-11,C,M1-HPDC,480,80,30.92,653,38,615,0.8333333333333334,0.8412816666666667,0.9418070444104135,66.03,83.33,84.13,94.18,Availability Loss,🟡 Average,1,✅ Normal
2026-07-11,C,M2-HPDC,480,96,29.92,675,29,646,0.8,0.8765625,0.957037037037037,67.11,80.0,87.66,95.7,Availability Loss,🟡 Average,1,✅ Normal
2026-07-11,C,M3-HPDC,480,118,31.34,555,61,494,0.7541666666666667,0.8008149171270719,0.8900900900900901,53.76,75.42,80.08,89.01,Availability Loss,🔴 Below Average,1,✅ Normal
2026-07-11,C,M4-HPDC,480,83,33.36,655,73,582,0.8270833333333333,0.9173299748110831,0.8885496183206106,67.41,82.71,91.73,88.85,Availability Loss,🟡 Average,1,✅ Normal
2026-07-12,A,M1-HPDC,480,55,29.26,623,25,598,0.8854166666666666,0.7148619607843137,0.9598715890850722,60.76,88.54,71.49,95.99,Performance Loss,🔴 Below Average,1,✅ Normal
2026-07-12,A,M2-HPDC,480,14,32.35,658,29,629,0.9708333333333333,0.7613125894134477,0.9559270516717325,70.65,97.08,76.13,95.59,Performance Loss,🟡 Average,1,✅ Normal
2026-07-12,A,M3-HPDC,480,120,31.84,448,40,408,0.75,0.6603851851851852,0.9107142857142857,45.11,75.0,66.04,91.07,Availability Loss,🔴 Below Average,-1,⚠️ Anomaly
2026-07-12,A,M4-HPDC,480,46,28.43,743,72,671,0.9041666666666667,0.8111939324116744,0.9030955585464334,66.24,90.42,81.12,90.31,Performance Loss,🟡 Average,1,✅ Normal
2026-07-12,B,M1-HPDC,480,54,30.94,713,29,684,0.8875,0.8630758998435055,0.9593267882187938,73.48,88.75,86.31,95.93,Quality Loss,🟡 Average,1,✅ Normal
2026-07-12,B,M2-HPDC,480,34,30.81,674,64,610,0.9291666666666667,0.7760067264573991,0.9050445103857567,65.26,92.92,77.6,90.5,Performance Loss,🟡 Average,1,✅ Normal
2026-07-12,B,M3-HPDC,480,67,34.83,630,64,566,0.8604166666666667,0.8855084745762711,0.8984126984126984,68.45,86.04,88.55,89.84,Quality Loss,🟡 Average,1,✅ Normal
2026-07-12,B,M4-HPDC,480,48,32.31,594,34,560,0.9,0.7404375000000001,0.9427609427609428,62.83,90.0,74.04,94.28,Performance Loss,🔴 Below Average,1,✅ Normal
2026-07-12,C,M1-HPDC,480,86,34.64,556,27,529,0.8208333333333333,0.8147140439932318,0.9514388489208633,63.63,82.08,81.47,95.14,Availability Loss,🔴 Below Average,1,✅ Normal
2026-07-12,C,M2-HPDC,480,71,30.02,716,14,702,0.8520833333333333,0.8758891605541972,0.9804469273743017,73.17,85.21,87.59,98.04,Quality Loss,🟡 Average,1,✅ Normal
2026-07-12,C,M3-HPDC,480,72,30.66,662,26,636,0.85,0.8291225490196079,0.9607250755287009,67.71,85.0,82.91,96.07,Performance Loss,🟡 Average,1,✅ Normal
2026-07-12,C,M4-HPDC,480,88,29.3,708,47,661,0.8166666666666667,0.8819897959183675,0.9336158192090396,67.25,81.67,88.2,93.36,Availability Loss,🟡 Average,1,✅ Normal
2026-07-13,A,M1-HPDC,480,27,29.66,702,70,632,0.94375,0.7660529801324503,0.9002849002849003,65.09,94.38,76.61,90.03,Performance Loss,🟡 Average,1,✅ Normal
2026-07-13,A,M2-HPDC,480,12,34.29,748,27,721,0.975,0.9134230769230769,0.963903743315508,85.84,97.5,91.34,96.39,Quality Loss,🟢 World Class,-1,⚠️ Anomaly
2026-07-13,A,M3-HPDC,480,137,32.83,437,11,426,0.7145833333333333,0.6971190476190475,0.9748283752860412,48.56,71.46,69.71,97.48,Availability Loss,🔴 Below Average,-1,⚠️ Anomaly
2026-07-13,A,M4-HPDC,480,10,31.32,743,51,692,0.9791666666666666,0.8252042553191489,0.9313593539703903,75.25,97.92,82.52,93.14,Performance Loss,🟡 Average,1,✅ Normal
2026-07-13,B,M1-HPDC,480,22,29.49,774,91,683,0.9541666666666667,0.8306135371179039,0.8824289405684754,69.94,95.42,83.06,88.24,Performance Loss,🟡 Average,1,✅ Normal
2026-07-13,B,M2-HPDC,480,17,32.64,682,79,603,0.9645833333333333,0.8013131749460043,0.8841642228739003,68.34,96.46,80.13,88.42,Performance Loss,🟡 Average,1,✅ Normal
2026-07-13,B,M3-HPDC,480,93,34.93,589,45,544,0.80625,0.8860366063738156,0.9235993208828522,65.98,80.62,88.6,92.36,Availability Loss,🟡 Average,1,✅ Normal
2026-07-13,B,M4-HPDC,480,48,28.51,678,36,642,0.9,0.7457476851851853,0.9469026548672567,63.55,90.0,74.57,94.69,Performance Loss,🔴 Below Average,1,✅ Normal
2026-07-13,C,M1-HPDC,480,46,34.3,640,28,612,0.9041666666666667,0.843010752688172,0.95625,72.89,90.42,84.3,95.62,Performance Loss,🟡 Average,1,✅ Normal
2026-07-13,C,M2-HPDC,480,94,30.88,673,40,633,0.8041666666666667,0.8973333333333332,0.9405646359583952,67.87,80.42,89.73,94.06,Availability Loss,🟡 Average,1,✅ Normal
2026-07-13,C,M3-HPDC,480,71,33.9,659,53,606,0.8520833333333333,0.9103545232273837,0.9195751138088012,71.33,85.21,91.04,91.96,Quality Loss,🟡 Average,1,✅ Normal
2026-07-13,C,M4-HPDC,480,93,28.94,626,20,606,0.80625,0.7802084409991388,0.9680511182108626,60.89,80.62,78.02,96.81,Availability Loss,🔴 Below Average,1,✅ Normal
2026-07-14,A,M1-HPDC,480,31,29.4,678,60,618,0.9354166666666667,0.7399109131403119,0.911504424778761,63.09,93.54,73.99,91.15,Performance Loss,🔴 Below Average,1,✅ Normal
2026-07-14,A,M2-HPDC,480,37,28.1,738,63,675,0.9229166666666667,0.7802031602708803,0.9146341463414634,65.86,92.29,78.02,91.46,Performance Loss,🟡 Average,1,✅ Normal
2026-07-14,A,M3-HPDC,480,118,30.81,624,36,588,0.7541666666666667,0.8851491712707181,0.9423076923076923,62.9,75.42,88.51,94.23,Availability Loss,🔴 Below Average,1,✅ Normal
2026-07-14,A,M4-HPDC,480,57,30.57,738,17,721,0.88125,0.8889148936170213,0.9769647696476965,76.53,88.12,88.89,97.7,Quality Loss,🟡 Average,1,✅ Normal
2026-07-14,B,M1-HPDC,480,13,29.15,660,74,586,0.9729166666666667,0.6866167023554604,0.8878787878787879,59.31,97.29,68.66,88.79,Performance Loss,🔴 Below Average,1,✅ Normal
2026-07-14,B,M2-HPDC,480,60,34.54,518,11,507,0.875,0.7099888888888889,0.9787644787644788,60.8,87.5,71.0,97.88,Performance Loss,🔴 Below Average,1,✅ Normal
2026-07-14,B,M3-HPDC,480,143,32.1,590,67,523,0.7020833333333333,0.936646884272997,0.8864406779661017,58.29,70.21,93.66,88.64,Availability Loss,🔴 Below Average,-1,⚠️ Anomaly
2026-07-14,B,M4-HPDC,480,32,31.69,584,35,549,0.9333333333333333,0.6885029761904762,0.940068493150685,60.41,93.33,68.85,94.01,Performance Loss,🔴 Below Average,1,✅ Normal
2026-07-14,C,M1-HPDC,480,61,34.33,693,57,636,0.8729166666666667,0.9463281622911695,0.9177489177489178,75.81,87.29,94.63,91.77,Quality Loss,🟡 Average,1,✅ Normal
2026-07-14,C,M2-HPDC,480,94,30.84,620,27,593,0.8041666666666667,0.8255958549222797,0.9564516129032258,63.5,80.42,82.56,95.65,Availability Loss,🔴 Below Average,1,✅ Normal
2026-07-14,C,M3-HPDC,480,77,33.47,486,41,445,0.8395833333333333,0.6727220843672457,0.9156378600823045,51.72,83.96,67.27,91.56,Availability Loss,🔴 Below Average,1,✅ Normal
2026-07-14,C,M4-HPDC,480,55,34.38,540,40,500,0.8854166666666666,0.7280470588235295,0.9259259259259259,59.69,88.54,72.8,92.59,Performance Loss,🔴 Below Average,1,✅ Normal
2026-07-15,A,M1-HPDC,480,17,28.36,731,73,658,0.9645833333333333,0.7462620590352772,0.9001367989056087,64.79,96.46,74.63,90.01,Performance Loss,🔴 Below Average,1,✅ Normal
2026-07-15,A,M2-HPDC,480,45,33.99,703,56,647,0.90625,0.9155160919540231,0.9203413940256046,76.36,90.62,91.55,92.03,Quality Loss,🟡 Average,1,✅ Normal
2026-07-15,A,M3-HPDC,480,148,30.24,495,15,480,0.6916666666666667,0.7514457831325301,0.9696969696969697,50.4,69.17,75.14,96.97,Availability Loss,🔴 Below Average,-1,⚠️ Anomaly
2026-07-15,A,M4-HPDC,480,36,32.01,552,54,498,0.925,0.6632702702702703,0.9021739130434783,55.35,92.5,66.33,90.22,Performance Loss,🔴 Below Average,1,✅ Normal
2026-07-15,B,M1-HPDC,480,48,34.3,567,44,523,0.9,0.7503124999999999,0.9223985890652557,62.29,90.0,75.03,92.24,Performance Loss,🔴 Below Average,1,✅ Normal
2026-07-15,B,M2-HPDC,480,15,34.33,713,43,670,0.96875,0.8773222222222221,0.9396914446002805,79.86,96.88,87.73,93.97,Quality Loss,🟡 Average,1,✅ Normal
2026-07-15,B,M3-HPDC,480,147,30.57,543,28,515,0.69375,0.8308063063063063,0.9484346224677717,54.67,69.38,83.08,94.84,Availability Loss,🔴 Below Average,-1,⚠️ Anomaly
2026-07-15,B,M4-HPDC,480,22,34.65,642,73,569,0.9541666666666667,0.8095087336244541,0.8862928348909658,68.46,95.42,80.95,88.63,Performance Loss,🟡 Average,1,✅ Normal
2026-07-15,C,M1-HPDC,480,80,32.38,577,23,554,0.8333333333333334,0.7784691666666668,0.9601386481802426,62.29,83.33,77.85,96.01,Availability Loss,🔴 Below Average,1,✅ Normal
2026-07-15,C,M2-HPDC,480,58,28.48,718,78,640,0.8791666666666667,0.807608214849921,0.8913649025069638,63.29,87.92,80.76,89.14,Performance Loss,🔴 Below Average,1,✅ Normal
2026-07-15,C,M3-HPDC,480,83,33.18,585,28,557,0.8270833333333333,0.8148740554156171,0.9521367521367521,64.17,82.71,81.49,95.21,Availability Loss,🔴 Below Average,1,✅ Normal
2026-07-15,C,M4-HPDC,480,92,33.14,645,46,599,0.8083333333333333,0.9181829896907217,0.9286821705426357,68.93,80.83,91.82,92.87,Availability Loss,🟡 Average,1,✅ Normal
2026-07-16,A,M1-HPDC,480,59,28.22,729,78,651,0.8770833333333333,0.8144251781472683,0.8930041152263375,63.79,87.71,81.44,89.3,Performance Loss,🔴 Below Average,1,✅ Normal
2026-07-16,A,M2-HPDC,480,19,29.7,675,68,607,0.9604166666666667,0.7247830802603037,0.8992592592592593,62.6,96.04,72.48,89.93,Performance Loss,🔴 Below Average,1,✅ Normal
2026-07-16,A,M3-HPDC,480,84,33.11,547,58,489,0.825,0.7622546296296295,0.8939670932358318,56.22,82.5,76.23,89.4,Availability Loss,🔴 Below Average,1,✅ Normal
2026-07-16,A,M4-HPDC,480,53,30.43,729,23,706,0.8895833333333333,0.8658653395784544,0.9684499314128944,74.6,88.96,86.59,96.84,Quality Loss,🟡 Average,1,✅ Normal
2026-07-16,B,M1-HPDC,480,46,30.52,629,39,590,0.9041666666666667,0.7372150537634408,0.9379968203497615,62.52,90.42,73.72,93.8,Performance Loss,🔴 Below Average,1,✅ Normal
2026-07-16,B,M2-HPDC,480,59,30.97,606,24,582,0.8770833333333333,0.7429857482185273,0.9603960396039604,62.59,87.71,74.3,96.04,Performance Loss,🔴 Below Average,1,✅ Normal
2026-07-16,B,M3-HPDC,480,100,29.63,680,16,664,0.7916666666666666,0.8837017543859648,0.9764705882352941,68.31,79.17,88.37,97.65,Availability Loss,🟡 Average,1,✅ Normal
2026-07-16,B,M4-HPDC,480,57,32.21,729,87,642,0.88125,0.9251808510638297,0.8806584362139918,71.8,88.12,92.52,88.07,Quality Loss,🟡 Average,1,✅ Normal
2026-07-16,C,M1-HPDC,480,52,29.87,620,28,592,0.8916666666666667,0.7211604361370717,0.9548387096774194,61.4,89.17,72.12,95.48,Performance Loss,🔴 Below Average,1,✅ Normal
2026-07-16,C,M2-HPDC,480,86,30.66,710,24,686,0.8208333333333333,0.9208375634517766,0.9661971830985916,73.03,82.08,92.08,96.62,Availability Loss,🟡 Average,1,✅ Normal
2026-07-16,C,M3-HPDC,480,65,29.78,689,79,610,0.8645833333333334,0.8240329317269077,0.8853410740203193,63.08,86.46,82.4,88.53,Performance Loss,🔴 Below Average,1,✅ Normal
2026-07-16,C,M4-HPDC,480,99,30.3,668,22,646,0.79375,0.8854068241469817,0.9670658682634731,67.96,79.38,88.54,96.71,Availability Loss,🟡 Average,1,✅ Normal
2026-07-17,A,M1-HPDC,480,15,34.39,539,36,503,0.96875,0.6643802867383513,0.9332096474953617,60.06,96.88,66.44,93.32,Performance Loss,🔴 Below Average,1,✅ Normal
2026-07-17,A,M2-HPDC,480,52,30.12,579,53,526,0.8916666666666667,0.679107476635514,0.9084628670120898,55.01,89.17,67.91,90.85,Performance Loss,🔴 Below Average,1,✅ Normal
2026-07-17,A,M3-HPDC,480,92,29.6,563,55,508,0.8083333333333333,0.7158419243986254,0.9023090586145648,52.21,80.83,71.58,90.23,Availability Loss,🔴 Below Average,1,✅ Normal
2026-07-17,A,M4-HPDC,480,56,28.31,585,30,555,0.8833333333333333,0.6509964622641509,0.9487179487179487,54.56,88.33,65.1,94.87,Performance Loss,🔴 Below Average,1,✅ Normal
2026-07-17,B,M1-HPDC,480,56,29.18,769,49,720,0.8833333333333333,0.8820526729559748,0.9362808842652796,72.95,88.33,88.21,93.63,Quality Loss,🟡 Average,1,✅ Normal
2026-07-17,B,M2-HPDC,480,22,32.95,653,72,581,0.9541666666666667,0.7829821688500729,0.889739663093415,66.47,95.42,78.3,88.97,Performance Loss,🟡 Average,1,✅ Normal
2026-07-17,B,M3-HPDC,480,70,32.66,545,63,482,0.8541666666666666,0.7235650406504064,0.8844036697247707,54.66,85.42,72.36,88.44,Performance Loss,🔴 Below Average,1,✅ Normal
2026-07-17,B,M4-HPDC,480,51,29.02,666,62,604,0.89375,0.7508671328671328,0.9069069069069069,60.86,89.38,75.09,90.69,Performance Loss,🔴 Below Average,1,✅ Normal
2026-07-17,C,M1-HPDC,480,100,32.0,486,32,454,0.7916666666666666,0.6821052631578948,0.934156378600823,50.44,79.17,68.21,93.42,Availability Loss,🔴 Below Average,1,✅ Normal
2026-07-17,C,M2-HPDC,480,75,34.63,472,53,419,0.84375,0.672648559670782,0.8877118644067796,50.38,84.38,67.26,88.77,Availability Loss,🔴 Below Average,1,✅ Normal
2026-07-17,C,M3-HPDC,480,71,32.21,715,36,679,0.8520833333333333,0.9384739201303994,0.9496503496503497,75.94,85.21,93.85,94.97,Quality Loss,🟡 Average,1,✅ Normal
2026-07-17,C,M4-HPDC,480,97,32.63,522,13,509,0.7979166666666667,0.7412036553524805,0.975095785440613,57.67,79.79,74.12,97.51,Availability Loss,🔴 Below Average,1,✅ Normal
2026-07-18,A,M1-HPDC,480,39,32.22,766,56,710,0.91875,0.9327482993197279,0.9268929503916449,79.43,91.88,93.27,92.69,Quality Loss,🟡 Average,1,✅ Normal
2026-07-18,A,M2-HPDC,480,53,30.79,675,38,637,0.8895833333333333,0.811211943793911,0.9437037037037037,68.1,88.96,81.12,94.37,Performance Loss,🟡 Average,1,✅ Normal
2026-07-18,A,M3-HPDC,480,105,31.71,508,60,448,0.78125,0.7159413333333333,0.8818897637795275,49.33,78.12,71.59,88.19,Availability Loss,🔴 Below Average,-1,⚠️ Anomaly
2026-07-18,A,M4-HPDC,480,51,28.19,852,17,835,0.89375,0.9330955710955712,0.9800469483568075,81.73,89.38,93.31,98.0,Quality Loss,🟡 Average,-1,⚠️ Anomaly
2026-07-18,B,M1-HPDC,480,45,31.44,630,32,598,0.90625,0.758896551724138,0.9492063492063492,65.28,90.62,75.89,94.92,Performance Loss,🟡 Average,1,✅ Normal
2026-07-18,B,M2-HPDC,480,32,28.0,713,61,652,0.9333333333333333,0.7427083333333333,0.9144460028050491,63.39,93.33,74.27,91.44,Performance Loss,🔴 Below Average,1,✅ Normal
2026-07-18,B,M3-HPDC,480,118,30.51,549,42,507,0.7541666666666667,0.7711781767955802,0.9234972677595629,53.71,75.42,77.12,92.35,Availability Loss,🔴 Below Average,1,✅ Normal
2026-07-18,B,M4-HPDC,480,16,34.23,654,58,596,0.9666666666666667,0.8041099137931034,0.9113149847094801,70.84,96.67,80.41,91.13,Performance Loss,🟡 Average,1,✅ Normal
2026-07-18,C,M1-HPDC,480,64,34.88,678,56,622,0.8666666666666667,0.9474615384615386,0.9174041297935103,75.33,86.67,94.75,91.74,Quality Loss,🟡 Average,1,✅ Normal
2026-07-18,C,M2-HPDC,480,86,31.25,648,31,617,0.8208333333333333,0.8565989847715736,0.9521604938271605,66.95,82.08,85.66,95.22,Availability Loss,🟡 Average,1,✅ Normal
2026-07-18,C,M3-HPDC,480,138,29.14,568,41,527,0.7125,0.8066042884990253,0.9278169014084507,53.32,71.25,80.66,92.78,Availability Loss,🔴 Below Average,1,✅ Normal
2026-07-18,C,M4-HPDC,480,46,34.17,620,35,585,0.9041666666666667,0.8135714285714286,0.9435483870967742,69.41,90.42,81.36,94.35,Performance Loss,🟡 Average,1,✅ Normal
2026-07-19,A,M1-HPDC,480,10,28.52,893,70,823,0.9791666666666666,0.9031333333333333,0.921612541993281,81.5,97.92,90.31,92.16,Quality Loss,🟡 Average,-1,⚠️ Anomaly
2026-07-19,A,M2-HPDC,480,49,33.08,671,16,655,0.8979166666666667,0.8583402938901779,0.9761549925484352,75.23,89.79,85.83,97.62,Quality Loss,🟡 Average,1,✅ Normal
2026-07-19,A,M3-HPDC,480,150,33.3,476,51,425,0.6875,0.8005454545454546,0.8928571428571429,49.14,68.75,80.05,89.29,Availability Loss,🔴 Below Average,-1,⚠️ Anomaly
2026-07-19,A,M4-HPDC,480,48,31.06,571,40,531,0.9,0.6842307098765431,0.9299474605954466,57.27,90.0,68.42,92.99,Performance Loss,🔴 Below Average,1,✅ Normal
2026-07-19,B,M1-HPDC,480,16,32.67,625,54,571,0.9666666666666667,0.7334321120689655,0.9136,64.77,96.67,73.34,91.36,Performance Loss,🔴 Below Average,1,✅ Normal
2026-07-19,B,M2-HPDC,480,40,31.4,721,55,666,0.9166666666666666,0.8575530303030302,0.9237170596393898,72.61,91.67,85.76,92.37,Quality Loss,🟡 Average,1,✅ Normal
2026-07-19,B,M3-HPDC,480,101,32.68,608,25,583,0.7895833333333333,0.8737660510114336,0.9588815789473685,66.15,78.96,87.38,95.89,Availability Loss,🟡 Average,1,✅ Normal
2026-07-19,B,M4-HPDC,480,52,28.2,667,66,601,0.8916666666666667,0.7324532710280373,0.9010494752623688,58.85,89.17,73.25,90.1,Performance Loss,🔴 Below Average,1,✅ Normal
2026-07-19,C,M1-HPDC,480,83,32.14,656,57,599,0.8270833333333333,0.8851318219983207,0.913109756097561,66.85,82.71,88.51,91.31,Availability Loss,🟡 Average,1,✅ Normal
2026-07-19,C,M2-HPDC,480,66,31.77,525,21,504,0.8625,0.6714673913043478,0.96,55.6,86.25,67.15,96.0,Performance Loss,🔴 Below Average,1,✅ Normal
2026-07-19,C,M3-HPDC,480,105,28.29,648,32,616,0.78125,0.8147519999999999,0.9506172839506173,60.51,78.12,81.48,95.06,Availability Loss,🔴 Below Average,1,✅ Normal
2026-07-19,C,M4-HPDC,480,62,29.3,619,64,555,0.8708333333333333,0.7231539074960128,0.8966074313408724,56.46,87.08,72.32,89.66,Performance Loss,🔴 Below Average,1,✅ Normal
2026-07-20,A,M1-HPDC,480,26,31.05,833,44,789,0.9458333333333333,0.9495099118942731,0.9471788715486195,85.06,94.58,94.95,94.72,Quality Loss,🟢 World Class,1,✅ Normal
2026-07-20,A,M2-HPDC,480,43,28.36,823,59,764,0.9104166666666667,0.8901708619374523,0.928311057108141,75.23,91.04,89.02,92.83,Quality Loss,🟡 Average,1,✅ Normal
2026-07-20,A,M3-HPDC,480,64,29.66,551,55,496,0.8666666666666667,0.6547540064102564,0.9001814882032668,51.08,86.67,65.48,90.02,Performance Loss,🔴 Below Average,1,✅ Normal
2026-07-20,A,M4-HPDC,480,34,34.41,629,66,563,0.9291666666666667,0.8088150224215246,0.8950715421303657,67.27,92.92,80.88,89.51,Performance Loss,🟡 Average,1,✅ Normal
2026-07-20,B,M1-HPDC,480,39,30.34,730,63,667,0.91875,0.8370445956160242,0.9136986301369863,70.27,91.88,83.7,91.37,Performance Loss,🟡 Average,1,✅ Normal
2026-07-20,B,M2-HPDC,480,39,34.5,533,15,518,0.91875,0.6949546485260771,0.9718574108818011,62.05,91.88,69.5,97.19,Performance Loss,🔴 Below Average,1,✅ Normal
2026-07-20,B,M3-HPDC,480,124,28.13,598,25,573,0.7416666666666667,0.7875346441947565,0.9581939799331104,55.97,74.17,78.75,95.82,Availability Loss,🔴 Below Average,1,✅ Normal
2026-07-20,B,M4-HPDC,480,38,34.54,691,40,651,0.9208333333333333,0.8999675716440422,0.9421128798842258,78.07,92.08,90.0,94.21,Quality Loss,🟡 Average,1,✅ Normal
2026-07-20,C,M1-HPDC,480,97,32.92,490,18,472,0.7979166666666667,0.7019495213228896,0.963265306122449,53.95,79.79,70.19,96.33,Availability Loss,🔴 Below Average,1,✅ Normal
2026-07-20,C,M2-HPDC,480,60,30.32,735,52,683,0.875,0.8843333333333334,0.9292517006802721,71.9,87.5,88.43,92.93,Quality Loss,🟡 Average,1,✅ Normal
2026-07-20,C,M3-HPDC,480,108,28.7,646,65,581,0.775,0.8306541218637993,0.8993808049535603,57.9,77.5,83.07,89.94,Availability Loss,🔴 Below Average,1,✅ Normal
2026-07-20,C,M4-HPDC,480,76,31.56,570,49,521,0.8416666666666667,0.7421287128712871,0.9140350877192982,57.09,84.17,74.21,91.4,Availability Loss,🔴 Below Average,1,✅ Normal
2026-07-21,A,M1-HPDC,480,26,30.73,603,39,564,0.9458333333333333,0.6802566079295154,0.9353233830845771,60.18,94.58,68.03,93.53,Performance Loss,🔴 Below Average,1,✅ Normal
2026-07-21,A,M2-HPDC,480,11,34.56,612,12,600,0.9770833333333333,0.7516247334754798,0.9803921568627451,72.0,97.71,75.16,98.04,Performance Loss,🟡 Average,-1,⚠️ Anomaly
2026-07-21,A,M3-HPDC,480,73,33.55,508,15,493,0.8479166666666667,0.6979279279279278,0.9704724409448819,57.43,84.79,69.79,97.05,Availability Loss,🔴 Below Average,1,✅ Normal
2026-07-21,A,M4-HPDC,480,50,30.16,563,21,542,0.8958333333333334,0.6581426356589148,0.9626998223801065,56.76,89.58,65.81,96.27,Performance Loss,🔴 Below Average,1,✅ Normal
2026-07-21,B,M1-HPDC,480,33,33.21,633,27,606,0.93125,0.7838154362416108,0.957345971563981,69.88,93.12,78.38,95.73,Performance Loss,🟡 Average,1,✅ Normal
2026-07-21,B,M2-HPDC,480,18,32.47,744,68,676,0.9625,0.8714891774891775,0.9086021505376344,76.21,96.25,87.15,90.86,Quality Loss,🟡 Average,1,✅ Normal
2026-07-21,B,M3-HPDC,480,94,30.99,599,21,578,0.8041666666666667,0.801511658031088,0.9649415692821369,62.2,80.42,80.15,96.49,Availability Loss,🔴 Below Average,1,✅ Normal
2026-07-21,B,M4-HPDC,480,33,31.09,608,28,580,0.93125,0.7047994034302759,0.9539473684210527,62.61,93.12,70.48,95.39,Performance Loss,🔴 Below Average,1,✅ Normal
2026-07-21,C,M1-HPDC,480,96,33.45,565,18,547,0.8,0.8202799479166667,0.968141592920354,63.53,80.0,82.03,96.81,Availability Loss,🔴 Below Average,1,✅ Normal
2026-07-21,C,M2-HPDC,480,86,30.51,589,45,544,0.8208333333333333,0.7601687817258883,0.9235993208828522,57.63,82.08,76.02,92.36,Availability Loss,🔴 Below Average,1,✅ Normal
2026-07-21,C,M3-HPDC,480,105,33.41,459,19,440,0.78125,0.681564,0.9586056644880174,51.04,78.12,68.16,95.86,Availability Loss,🔴 Below Average,1,✅ Normal
2026-07-21,C,M4-HPDC,480,68,31.34,643,26,617,0.8583333333333333,0.8151949838187702,0.9595645412130638,67.14,85.83,81.52,95.96,Performance Loss,🟡 Average,1,✅ Normal
2026-07-22,A,M1-HPDC,480,56,34.78,629,41,588,0.8833333333333333,0.8599300314465408,0.9348171701112877,71.01,88.33,85.99,93.48,Quality Loss,🟡 Average,1,✅ Normal
2026-07-22,A,M2-HPDC,480,12,32.16,805,24,781,0.975,0.9219658119658118,0.9701863354037267,87.21,97.5,92.2,97.02,Quality Loss,🟢 World Class,-1,⚠️ Anomaly
2026-07-22,A,M3-HPDC,480,87,28.46,623,67,556,0.81875,0.7519329940627651,0.8924558587479936,54.94,81.88,75.19,89.25,Availability Loss,🔴 Below Average,1,✅ Normal
2026-07-22,A,M4-HPDC,480,46,32.12,616,39,577,0.9041666666666667,0.7598279569892472,0.9366883116883117,64.35,90.42,75.98,93.67,Performance Loss,🔴 Below Average,1,✅ Normal
2026-07-22,B,M1-HPDC,480,24,29.71,814,20,794,0.95,0.8839159356725147,0.9754299754299754,81.91,95.0,88.39,97.54,Quality Loss,🟡 Average,1,✅ Normal
2026-07-22,B,M2-HPDC,480,13,30.03,638,18,620,0.9729166666666667,0.6837665952890792,0.9717868338557993,64.65,97.29,68.38,97.18,Performance Loss,🔴 Below Average,1,✅ Normal
2026-07-22,B,M3-HPDC,480,136,31.54,533,37,496,0.7166666666666667,0.8144777131782945,0.9305816135084428,54.32,71.67,81.45,93.06,Availability Loss,🔴 Below Average,1,✅ Normal
2026-07-22,B,M4-HPDC,480,48,30.65,615,35,580,0.9,0.7272280092592592,0.943089430894309,61.73,90.0,72.72,94.31,Performance Loss,🔴 Below Average,1,✅ Normal
2026-07-22,C,M1-HPDC,480,58,29.26,806,44,762,0.8791666666666667,0.9314202211690363,0.9454094292803971,77.42,87.92,93.14,94.54,Quality Loss,🟡 Average,1,✅ Normal
2026-07-22,C,M2-HPDC,480,80,30.58,658,53,605,0.8333333333333334,0.8384016666666666,0.9194528875379939,64.24,83.33,83.84,91.95,Availability Loss,🔴 Below Average,1,✅ Normal
2026-07-22,C,M3-HPDC,480,111,29.31,704,83,621,0.76875,0.9319891598915988,0.8821022727272727,63.2,76.88,93.2,88.21,Availability Loss,🔴 Below Average,-1,⚠️ Anomaly
2026-07-22,C,M4-HPDC,480,49,31.57,671,38,633,0.8979166666666667,0.8191597061098221,0.9433681073025335,69.39,89.79,81.92,94.34,Performance Loss,🟡 Average,1,✅ Normal
2026-07-23,A,M1-HPDC,480,50,28.72,821,35,786,0.8958333333333334,0.9139193798449612,0.9573690621193667,78.38,89.58,91.39,95.74,Quality Loss,🟡 Average,1,✅ Normal
2026-07-23,A,M2-HPDC,480,57,34.71,591,58,533,0.88125,0.808258865248227,0.9018612521150592,64.24,88.12,80.83,90.19,Performance Loss,🔴 Below Average,1,✅ Normal
2026-07-23,A,M3-HPDC,480,119,32.25,541,54,487,0.7520833333333333,0.805505540166205,0.9001848428835489,54.53,75.21,80.55,90.02,Availability Loss,🔴 Below Average,1,✅ Normal
2026-07-23,A,M4-HPDC,480,40,34.44,611,49,562,0.9166666666666666,0.7970772727272727,0.9198036006546645,67.21,91.67,79.71,91.98,Performance Loss,🟡 Average,1,✅ Normal
2026-07-23,B,M1-HPDC,480,54,28.02,648,53,595,0.8875,0.7103661971830986,0.9182098765432098,57.89,88.75,71.04,91.82,Performance Loss,🔴 Below Average,1,✅ Normal
2026-07-23,B,M2-HPDC,480,46,29.9,682,57,625,0.9041666666666667,0.7830952380952381,0.9164222873900293,64.89,90.42,78.31,91.64,Performance Loss,🔴 Below Average,1,✅ Normal
2026-07-23,B,M3-HPDC,480,101,30.75,513,21,492,0.7895833333333333,0.6937005277044855,0.9590643274853801,52.53,78.96,69.37,95.91,Availability Loss,🔴 Below Average,1,✅ Normal
2026-07-23,B,M4-HPDC,480,25,31.97,614,63,551,0.9479166666666666,0.7190322344322344,0.8973941368078175,61.16,94.79,71.9,89.74,Performance Loss,🔴 Below Average,1,✅ Normal
2026-07-23,C,M1-HPDC,480,58,31.49,656,22,634,0.8791666666666667,0.8158546603475513,0.9664634146341463,69.32,87.92,81.59,96.65,Performance Loss,🟡 Average,1,✅ Normal
2026-07-23,C,M2-HPDC,480,68,32.53,692,23,669,0.8583333333333333,0.9106294498381878,0.9667630057803468,75.56,85.83,91.06,96.68,Quality Loss,🟡 Average,1,✅ Normal
2026-07-23,C,M3-HPDC,480,111,34.15,535,31,504,0.76875,0.8252145438121048,0.9420560747663551,59.76,76.88,82.52,94.21,Availability Loss,🔴 Below Average,1,✅ Normal
2026-07-23,C,M4-HPDC,480,67,28.37,801,33,768,0.8604166666666667,0.917044794188862,0.9588014981273408,75.65,86.04,91.7,95.88,Quality Loss,🟡 Average,1,✅ Normal
2026-07-24,A,M1-HPDC,480,48,31.11,777,69,708,0.9,0.9325798611111111,0.9111969111969112,76.48,90.0,93.26,91.12,Quality Loss,🟡 Average,1,✅ Normal
2026-07-24,A,M2-HPDC,480,26,28.05,826,18,808,0.9458333333333333,0.8505616740088106,0.9782082324455206,78.7,94.58,85.06,97.82,Quality Loss,🟡 Average,1,✅ Normal
2026-07-24,A,M3-HPDC,480,138,28.72,557,11,546,0.7125,0.7795828460038986,0.9802513464991023,54.45,71.25,77.96,98.03,Availability Loss,🔴 Below Average,-1,⚠️ Anomaly
2026-07-24,A,M4-HPDC,480,50,32.81,694,28,666,0.8958333333333334,0.882563565891473,0.9596541786743515,75.87,89.58,88.26,95.97,Quality Loss,🟡 Average,1,✅ Normal
2026-07-24,B,M1-HPDC,480,27,29.74,747,16,731,0.94375,0.8173576158940397,0.9785809906291834,75.49,94.38,81.74,97.86,Performance Loss,🟡 Average,1,✅ Normal
2026-07-24,B,M2-HPDC,480,26,30.01,801,42,759,0.9458333333333333,0.8824526431718063,0.947565543071161,79.09,94.58,88.25,94.76,Quality Loss,🟡 Average,1,✅ Normal
2026-07-24,B,M3-HPDC,480,116,29.51,486,13,473,0.7583333333333333,0.6566785714285714,0.9732510288065843,48.47,75.83,65.67,97.33,Availability Loss,🔴 Below Average,-1,⚠️ Anomaly
2026-07-24,B,M4-HPDC,480,20,31.93,744,30,714,0.9583333333333334,0.8607217391304347,0.9596774193548387,79.16,95.83,86.07,95.97,Quality Loss,🟡 Average,1,✅ Normal
2026-07-24,C,M1-HPDC,480,49,32.36,522,19,503,0.8979166666666667,0.6532064965197215,0.9636015325670498,56.52,89.79,65.32,96.36,Performance Loss,🔴 Below Average,1,✅ Normal
2026-07-24,C,M2-HPDC,480,43,30.84,770,88,682,0.9104166666666667,0.9056750572082379,0.8857142857142857,73.03,91.04,90.57,88.57,Quality Loss,🟡 Average,1,✅ Normal
2026-07-24,C,M3-HPDC,480,134,30.62,631,25,606,0.7208333333333333,0.930694605009634,0.9603803486529319,64.43,72.08,93.07,96.04,Availability Loss,🔴 Below Average,-1,⚠️ Anomaly
2026-07-24,C,M4-HPDC,480,90,28.46,764,49,715,0.8125,0.9292068376068378,0.9358638743455497,70.66,81.25,92.92,93.59,Availability Loss,🟡 Average,1,✅ Normal
2026-07-25,A,M1-HPDC,480,55,29.23,776,40,736,0.8854166666666666,0.8895090196078431,0.9484536082474226,74.7,88.54,88.95,94.85,Quality Loss,🟡 Average,1,✅ Normal
2026-07-25,A,M2-HPDC,480,34,29.25,772,77,695,0.9291666666666667,0.8438340807174888,0.9002590673575129,70.59,92.92,84.38,90.03,Performance Loss,🟡 Average,1,✅ Normal
2026-07-25,A,M3-HPDC,480,90,28.09,564,61,503,0.8125,0.6770410256410256,0.8918439716312057,49.06,81.25,67.7,89.18,Availability Loss,🔴 Below Average,1,✅ Normal
2026-07-25,A,M4-HPDC,480,15,30.08,640,55,585,0.96875,0.6900071684587813,0.9140625,61.1,96.88,69.0,91.41,Performance Loss,🔴 Below Average,1,✅ Normal
2026-07-25,B,M1-HPDC,480,25,28.59,824,84,740,0.9479166666666666,0.8629362637362638,0.8980582524271845,73.46,94.79,86.29,89.81,Quality Loss,🟡 Average,1,✅ Normal
2026-07-25,B,M2-HPDC,480,18,31.16,596,46,550,0.9625,0.669962481962482,0.9228187919463087,59.51,96.25,67.0,92.28,Performance Loss,🔴 Below Average,1,✅ Normal
2026-07-25,B,M3-HPDC,480,140,29.16,476,43,433,0.7083333333333334,0.6804,0.9096638655462185,43.84,70.83,68.04,90.97,Availability Loss,🔴 Below Average,-1,⚠️ Anomaly
2026-07-25,B,M4-HPDC,480,54,28.71,689,24,665,0.8875,0.773911971830986,0.965166908563135,66.29,88.75,77.39,96.52,Performance Loss,🟡 Average,1,✅ Normal
2026-07-25,C,M1-HPDC,480,76,31.58,679,34,645,0.8416666666666667,0.8846047854785478,0.9499263622974963,70.73,84.17,88.46,94.99,Availability Loss,🟡 Average,1,✅ Normal
2026-07-25,C,M2-HPDC,480,87,34.9,556,52,504,0.81875,0.8229177268871924,0.9064748201438849,61.08,81.88,82.29,90.65,Availability Loss,🔴 Below Average,1,✅ Normal
2026-07-25,C,M3-HPDC,480,115,28.53,510,57,453,0.7604166666666666,0.6643972602739726,0.888235294117647,44.88,76.04,66.44,88.82,Availability Loss,🔴 Below Average,-1,⚠️ Anomaly
2026-07-25,C,M4-HPDC,480,49,30.25,798,18,780,0.8979166666666667,0.9334686774941995,0.9774436090225563,81.93,89.79,93.35,97.74,Quality Loss,🟡 Average,1,✅ Normal
2026-07-26,A,M1-HPDC,480,47,28.02,660,14,646,0.9020833333333333,0.7118244803695151,0.9787878787878788,62.85,90.21,71.18,97.88,Performance Loss,🔴 Below Average,1,✅ Normal
2026-07-26,A,M2-HPDC,480,21,32.95,544,56,488,0.95625,0.6508641975308643,0.8970588235294118,55.83,95.62,65.09,89.71,Performance Loss,🔴 Below Average,1,✅ Normal
2026-07-26,A,M3-HPDC,480,66,33.92,666,52,614,0.8625,0.9094492753623189,0.9219219219219219,72.32,86.25,90.94,92.19,Quality Loss,🟡 Average,1,✅ Normal
2026-07-26,A,M4-HPDC,480,60,33.31,531,23,508,0.875,0.7018892857142858,0.9566854990583804,58.76,87.5,70.19,95.67,Performance Loss,🔴 Below Average,1,✅ Normal
2026-07-26,B,M1-HPDC,480,41,34.21,674,39,635,0.9145833333333333,0.8753811693242217,0.9421364985163204,75.43,91.46,87.54,94.21,Quality Loss,🟡 Average,1,✅ Normal
2026-07-26,B,M2-HPDC,480,35,28.14,892,48,844,0.9270833333333334,0.9401078651685394,0.9461883408071748,82.47,92.71,94.01,94.62,Quality Loss,🟡 Average,1,✅ Normal
2026-07-26,B,M3-HPDC,480,146,31.22,511,35,476,0.6958333333333333,0.7960788423153693,0.9315068493150684,51.6,69.58,79.61,93.15,Availability Loss,🔴 Below Average,-1,⚠️ Anomaly
2026-07-26,B,M4-HPDC,480,13,31.59,586,59,527,0.9729166666666667,0.6606616702355461,0.8993174061433447,57.81,97.29,66.07,89.93,Performance Loss,🔴 Below Average,1,✅ Normal
2026-07-26,C,M1-HPDC,480,54,30.41,649,71,578,0.8875,0.7721474960876369,0.8906009244992296,61.03,88.75,77.21,89.06,Performance Loss,🔴 Below Average,1,✅ Normal
2026-07-26,C,M2-HPDC,480,71,31.15,587,44,543,0.8520833333333333,0.7451120619396903,0.9250425894378195,58.73,85.21,74.51,92.5,Performance Loss,🔴 Below Average,1,✅ Normal
2026-07-26,C,M3-HPDC,480,141,34.38,387,39,348,0.70625,0.6541327433628319,0.8992248062015504,41.54,70.62,65.41,89.92,Availability Loss,🔴 Below Average,-1,⚠️ Anomaly
2026-07-26,C,M4-HPDC,480,89,30.02,696,44,652,0.8145833333333333,0.890618925831202,0.9367816091954023,67.96,81.46,89.06,93.68,Availability Loss,🟡 Average,1,✅ Normal
2026-07-27,A,M1-HPDC,480,33,32.08,572,58,514,0.93125,0.6841819537658463,0.8986013986013986,57.25,93.12,68.42,89.86,Performance Loss,🔴 Below Average,1,✅ Normal
2026-07-27,A,M2-HPDC,480,49,29.68,700,64,636,0.8979166666666667,0.8034029389017788,0.9085714285714286,65.54,89.79,80.34,90.86,Performance Loss,🟡 Average,1,✅ Normal
2026-07-27,A,M3-HPDC,480,83,34.81,610,73,537,0.8270833333333333,0.8914399664147776,0.8803278688524591,64.91,82.71,89.14,88.03,Availability Loss,🔴 Below Average,1,✅ Normal
2026-07-27,A,M4-HPDC,480,48,30.33,635,70,565,0.9,0.7430381944444444,0.889763779527559,59.5,90.0,74.3,88.98,Performance Loss,🔴 Below Average,1,✅ Normal
2026-07-27,B,M1-HPDC,480,18,29.96,857,50,807,0.9625,0.9262525252525253,0.941656942823804,83.95,96.25,92.63,94.17,Quality Loss,🟡 Average,1,✅ Normal
2026-07-27,B,M2-HPDC,480,37,31.82,743,87,656,0.9229166666666667,0.8894755455229495,0.882907133243607,72.48,92.29,88.95,88.29,Quality Loss,🟡 Average,1,✅ Normal
2026-07-27,B,M3-HPDC,480,80,28.5,573,53,520,0.8333333333333334,0.6804375,0.9075043630017452,51.46,83.33,68.04,90.75,Availability Loss,🔴 Below Average,1,✅ Normal
2026-07-27,B,M4-HPDC,480,16,31.25,703,46,657,0.9666666666666667,0.7891073994252874,0.9345661450924608,71.29,96.67,78.91,93.46,Performance Loss,🟡 Average,1,✅ Normal
2026-07-27,C,M1-HPDC,480,96,31.86,566,44,522,0.8,0.7826718749999999,0.9222614840989399,57.75,80.0,78.27,92.23,Availability Loss,🔴 Below Average,1,✅ Normal
2026-07-27,C,M2-HPDC,480,99,34.48,513,46,467,0.79375,0.7737637795275589,0.9103313840155945,55.91,79.38,77.38,91.03,Availability Loss,🔴 Below Average,1,✅ Normal
2026-07-27,C,M3-HPDC,480,62,33.07,494,20,474,0.8708333333333333,0.6513787878787879,0.9595141700404858,54.43,87.08,65.14,95.95,Performance Loss,🔴 Below Average,1,✅ Normal
2026-07-27,C,M4-HPDC,480,64,34.19,589,47,542,0.8666666666666667,0.8068072916666666,0.9202037351443124,64.34,86.67,80.68,92.02,Performance Loss,🔴 Below Average,1,✅ Normal
2026-07-28,A,M1-HPDC,480,49,30.41,799,84,715,0.8979166666666667,0.9395819798917247,0.8948685857321652,75.5,89.79,93.96,89.49,Quality Loss,🟡 Average,1,✅ Normal
2026-07-28,A,M2-HPDC,480,11,29.55,691,35,656,0.9770833333333333,0.7256236673773987,0.9493487698986975,67.31,97.71,72.56,94.93,Performance Loss,🟡 Average,1,✅ Normal
2026-07-28,A,M3-HPDC,480,110,30.6,520,53,467,0.7708333333333334,0.7167567567567568,0.8980769230769231,49.62,77.08,71.68,89.81,Availability Loss,🔴 Below Average,1,✅ Normal
2026-07-28,A,M4-HPDC,480,57,29.1,774,57,717,0.88125,0.8874468085106384,0.9263565891472868,72.45,88.12,88.74,92.64,Quality Loss,🟡 Average,1,✅ Normal
2026-07-28,B,M1-HPDC,480,49,32.59,704,60,644,0.8979166666666667,0.8872142304717711,0.9147727272727273,72.87,89.79,88.72,91.48,Quality Loss,🟡 Average,1,✅ Normal
2026-07-28,B,M2-HPDC,480,20,32.09,577,54,523,0.9583333333333334,0.6708670289855072,0.9064124783362218,58.27,95.83,67.09,90.64,Performance Loss,🔴 Below Average,1,✅ Normal
2026-07-28,B,M3-HPDC,480,79,31.07,615,35,580,0.8354166666666667,0.7941832917705736,0.943089430894309,62.57,83.54,79.42,94.31,Availability Loss,🔴 Below Average,1,✅ Normal
2026-07-28,B,M4-HPDC,480,59,30.94,674,62,612,0.8770833333333333,0.8255566112430721,0.9080118694362018,65.75,87.71,82.56,90.8,Performance Loss,🟡 Average,1,✅ Normal
2026-07-28,C,M1-HPDC,480,66,31.7,550,56,494,0.8625,0.7018921095008052,0.8981818181818182,54.37,86.25,70.19,89.82,Performance Loss,🔴 Below Average,1,✅ Normal
2026-07-28,C,M2-HPDC,480,59,29.65,593,33,560,0.8770833333333333,0.6960589865399842,0.9443507588532883,57.65,87.71,69.61,94.44,Performance Loss,🔴 Below Average,1,✅ Normal
2026-07-28,C,M3-HPDC,480,120,31.44,517,39,478,0.75,0.7525222222222223,0.9245647969052224,52.18,75.0,75.25,92.46,Availability Loss,🔴 Below Average,1,✅ Normal
2026-07-28,C,M4-HPDC,480,45,32.65,614,46,568,0.90625,0.768088122605364,0.9250814332247557,64.39,90.62,76.81,92.51,Performance Loss,🔴 Below Average,1,✅ Normal
2026-07-29,A,M1-HPDC,480,19,29.2,757,38,719,0.9604166666666667,0.7991467823571944,0.9498018494055482,72.9,96.04,79.91,94.98,Performance Loss,🟡 Average,1,✅ Normal
2026-07-29,A,M2-HPDC,480,47,30.5,694,18,676,0.9020833333333333,0.8147421093148576,0.9740634005763689,71.59,90.21,81.47,97.41,Performance Loss,🟡 Average,1,✅ Normal
2026-07-29,A,M3-HPDC,480,103,31.89,487,46,441,0.7854166666666667,0.686579575596817,0.9055441478439425,48.83,78.54,68.66,90.55,Availability Loss,🔴 Below Average,1,✅ Normal
2026-07-29,A,M4-HPDC,480,26,30.99,793,65,728,0.9458333333333333,0.9021685022026431,0.9180327868852459,78.34,94.58,90.22,91.8,Quality Loss,🟡 Average,1,✅ Normal
2026-07-29,B,M1-HPDC,480,42,28.59,690,80,610,0.9125,0.7506506849315068,0.8840579710144928,60.56,91.25,75.07,88.41,Performance Loss,🔴 Below Average,1,✅ Normal
2026-07-29,B,M2-HPDC,480,10,30.08,769,79,690,0.9791666666666666,0.8202666666666667,0.8972691807542262,72.07,97.92,82.03,89.73,Performance Loss,🟡 Average,1,✅ Normal
2026-07-29,B,M3-HPDC,480,133,32.81,427,21,406,0.7229166666666667,0.67290441882805,0.9508196721311475,46.25,72.29,67.29,95.08,Availability Loss,🔴 Below Average,-1,⚠️ Anomaly
2026-07-29,B,M4-HPDC,480,14,32.96,690,37,653,0.9708333333333333,0.8133905579399142,0.946376811594203,74.73,97.08,81.34,94.64,Performance Loss,🟡 Average,1,✅ Normal
2026-07-29,C,M1-HPDC,480,92,30.67,650,56,594,0.8083333333333333,0.8563359106529209,0.9138461538461539,63.26,80.83,85.63,91.38,Availability Loss,🔴 Below Average,1,✅ Normal
2026-07-29,C,M2-HPDC,480,96,32.26,546,63,483,0.8,0.7644947916666667,0.8846153846153846,54.1,80.0,76.45,88.46,Availability Loss,🔴 Below Average,1,✅ Normal
2026-07-29,C,M3-HPDC,480,73,32.16,634,73,561,0.8479166666666667,0.8349484029484029,0.8848580441640379,62.64,84.79,83.49,88.49,Availability Loss,🔴 Below Average,1,✅ Normal
2026-07-29,C,M4-HPDC,480,84,34.12,642,35,607,0.825,0.9219292929292928,0.9454828660436138,71.91,82.5,92.19,94.55,Availability Loss,🟡 Average,1,✅ Normal
2026-07-30,A,M1-HPDC,480,12,32.92,565,24,541,0.975,0.6623860398860398,0.9575221238938053,61.84,97.5,66.24,95.75,Performance Loss,🔴 Below Average,1,✅ Normal
2026-07-30,A,M2-HPDC,480,41,33.63,709,20,689,0.9145833333333333,0.9052266514806379,0.9717912552891397,80.46,91.46,90.52,97.18,Quality Loss,🟡 Average,1,✅ Normal
2026-07-30,A,M3-HPDC,480,99,32.58,563,12,551,0.79375,0.8023858267716534,0.9786856127886323,62.33,79.38,80.24,97.87,Availability Loss,🔴 Below Average,1,✅ Normal
2026-07-30,A,M4-HPDC,480,30,31.05,730,35,695,0.9375,0.8395,0.952054794520548,74.93,93.75,83.95,95.21,Performance Loss,🟡 Average,1,✅ Normal
2026-07-30,B,M1-HPDC,480,41,33.99,613,62,551,0.9145833333333333,0.7910353075170844,0.8988580750407831,65.03,91.46,79.1,89.89,Performance Loss,🟡 Average,1,✅ Normal
2026-07-30,B,M2-HPDC,480,52,29.4,568,54,514,0.8916666666666667,0.6502803738317757,0.9049295774647887,52.47,89.17,65.03,90.49,Performance Loss,🔴 Below Average,1,✅ Normal
2026-07-30,B,M3-HPDC,480,124,28.31,604,17,587,0.7416666666666667,0.8005262172284643,0.9718543046357616,57.7,74.17,80.05,97.19,Availability Loss,🔴 Below Average,-1,⚠️ Anomaly
2026-07-30,B,M4-HPDC,480,12,30.04,872,52,820,0.975,0.9328660968660969,0.9403669724770642,85.53,97.5,93.29,94.04,Quality Loss,🟢 World Class,-1,⚠️ Anomaly
2026-07-30,C,M1-HPDC,480,47,29.0,645,67,578,0.9020833333333333,0.7199769053117783,0.896124031007752,58.2,90.21,72.0,89.61,Performance Loss,🔴 Below Average,1,✅ Normal
2026-07-30,C,M2-HPDC,480,73,33.47,492,17,475,0.8479166666666667,0.6743341523341523,0.9654471544715447,55.2,84.79,67.43,96.54,Availability Loss,🔴 Below Average,1,✅ Normal
2026-07-30,C,M3-HPDC,480,137,29.55,631,72,559,0.7145833333333333,0.9060276967930029,0.8858954041204438,57.36,71.46,90.6,88.59,Availability Loss,🔴 Below Average,-1,⚠️ Anomaly
2026-07-30,C,M4-HPDC,480,50,32.48,560,40,520,0.8958333333333334,0.7049922480620154,0.9285714285714286,58.64,89.58,70.5,92.86,Performance Loss,🔴 Below Average,1,✅ Normal
2026-07-31,A,M1-HPDC,480,23,34.79,599,23,576,0.9520833333333333,0.7600003646973013,0.9616026711185309,69.58,95.21,76.0,96.16,Performance Loss,🟡 Average,1,✅ Normal
2026-07-31,A,M2-HPDC,480,18,29.44,842,34,808,0.9625,0.8942453102453102,0.9596199524940617,82.6,96.25,89.42,95.96,Quality Loss,🟡 Average,1,✅ Normal
2026-07-31,A,M3-HPDC,480,75,33.65,476,13,463,0.84375,0.6591522633744856,0.9726890756302521,54.1,84.38,65.92,97.27,Availability Loss,🔴 Below Average,1,✅ Normal
2026-07-31,A,M4-HPDC,480,48,28.86,686,45,641,0.9,0.7638101851851852,0.934402332361516,64.23,90.0,76.38,93.44,Performance Loss,🔴 Below Average,1,✅ Normal
2026-07-31,B,M1-HPDC,480,38,34.58,654,13,641,0.9208333333333333,0.852764705882353,0.9801223241590215,76.96,92.08,85.28,98.01,Quality Loss,🟡 Average,1,✅ Normal
2026-07-31,B,M2-HPDC,480,27,34.1,647,43,604,0.94375,0.8117255334805004,0.9335394126738794,71.52,94.38,81.17,93.35,Performance Loss,🟡 Average,1,✅ Normal
2026-07-31,B,M3-HPDC,480,114,30.07,581,50,531,0.7625,0.7955678506375229,0.9139414802065404,55.44,76.25,79.56,91.39,Availability Loss,🔴 Below Average,1,✅ Normal
2026-07-31,B,M4-HPDC,480,12,30.56,859,68,791,0.975,0.9348660968660968,0.9208381839348079,83.93,97.5,93.49,92.08,Quality Loss,🟡 Average,-1,⚠️ Anomaly
2026-07-31,C,M1-HPDC,480,78,31.12,705,72,633,0.8375,0.9096019900497513,0.8978723404255319,68.4,83.75,90.96,89.79,Availability Loss,🟡 Average,1,✅ Normal
2026-07-31,C,M2-HPDC,480,80,33.96,618,33,585,0.8333333333333334,0.87447,0.9466019417475728,68.98,83.33,87.45,94.66,Availability Loss,🟡 Average,1,✅ Normal
2026-07-31,C,M3-HPDC,480,98,34.6,569,53,516,0.7958333333333333,0.8589616055846423,0.9068541300527241,61.99,79.58,85.9,90.69,Availability Loss,🔴 Below Average,1,✅ Normal
2026-07-31,C,M4-HPDC,480,55,33.9,510,33,477,0.8854166666666666,0.678,0.9352941176470588,56.15,88.54,67.8,93.53,Performance Loss,🔴 Below Average,1,✅ Normal
2026-08-01,A,M1-HPDC,480,10,33.76,791,83,708,0.9791666666666666,0.9469560283687943,0.8950695322376738,82.99,97.92,94.7,89.51,Quality Loss,🟡 Average,-1,⚠️ Anomaly
2026-08-01,A,M2-HPDC,480,13,32.66,711,66,645,0.9729166666666667,0.8287387580299785,0.9071729957805907,73.14,97.29,82.87,90.72,Performance Loss,🟡 Average,1,✅ Normal
2026-08-01,A,M3-HPDC,480,136,34.14,567,58,509,0.7166666666666667,0.937857558139535,0.8977072310405644,60.34,71.67,93.79,89.77,Availability Loss,🔴 Below Average,-1,⚠️ Anomaly
2026-08-01,A,M4-HPDC,480,23,32.92,592,26,566,0.9520833333333333,0.7107454412837345,0.956081081081081,64.7,95.21,71.07,95.61,Performance Loss,🔴 Below Average,1,✅ Normal
2026-08-01,B,M1-HPDC,480,55,30.9,557,30,527,0.8854166666666666,0.6749529411764705,0.9461400359066428,56.54,88.54,67.5,94.61,Performance Loss,🔴 Below Average,1,✅ Normal
2026-08-01,B,M2-HPDC,480,36,31.58,768,86,682,0.925,0.9104144144144144,0.8880208333333334,74.78,92.5,91.04,88.8,Quality Loss,🟡 Average,1,✅ Normal
2026-08-01,B,M3-HPDC,480,60,31.95,546,54,492,0.875,0.69225,0.9010989010989011,54.58,87.5,69.23,90.11,Performance Loss,🔴 Below Average,1,✅ Normal
2026-08-01,B,M4-HPDC,480,24,29.81,607,24,583,0.95,0.6613548976608187,0.9604612850082372,60.34,95.0,66.14,96.05,Performance Loss,🔴 Below Average,1,✅ Normal
2026-08-01,C,M1-HPDC,480,82,31.67,606,66,540,0.8291666666666667,0.8036859296482413,0.8910891089108911,59.38,82.92,80.37,89.11,Availability Loss,🔴 Below Average,1,✅ Normal
2026-08-01,C,M2-HPDC,480,54,34.69,600,53,547,0.8875,0.814319248826291,0.9116666666666666,65.89,88.75,81.43,91.17,Performance Loss,🟡 Average,1,✅ Normal
2026-08-01,C,M3-HPDC,480,138,30.27,569,42,527,0.7125,0.8393581871345029,0.9261862917398945,55.39,71.25,83.94,92.62,Availability Loss,🔴 Below Average,-1,⚠️ Anomaly
2026-08-01,C,M4-HPDC,480,99,29.98,691,59,632,0.79375,0.9062195975503062,0.914616497829233,65.79,79.38,90.62,91.46,Availability Loss,🟡 Average,1,✅ Normal
2026-08-02,A,M1-HPDC,480,44,31.28,655,76,579,0.9083333333333333,0.7831957186544343,0.8839694656488549,62.89,90.83,78.32,88.4,Performance Loss,🔴 Below Average,1,✅ Normal
2026-08-02,A,M2-HPDC,480,35,33.83,638,19,619,0.9270833333333334,0.8083722846441946,0.9702194357366771,72.71,92.71,80.84,97.02,Performance Loss,🟡 Average,1,✅ Normal
2026-08-02,A,M3-HPDC,480,142,34.23,464,18,446,0.7041666666666667,0.783171597633136,0.9612068965517241,53.01,70.42,78.32,96.12,Availability Loss,🔴 Below Average,-1,⚠️ Anomaly
2026-08-02,A,M4-HPDC,480,43,32.22,754,44,710,0.9104166666666667,0.9265400457665903,0.9416445623342176,79.43,91.04,92.65,94.16,Quality Loss,🟡 Average,1,✅ Normal
2026-08-02,B,M1-HPDC,480,57,28.81,807,80,727,0.88125,0.916062647754137,0.9008674101610905,72.73,88.12,91.61,90.09,Quality Loss,🟡 Average,1,✅ Normal
2026-08-02,B,M2-HPDC,480,32,28.05,907,39,868,0.9333333333333333,0.9464787946428572,0.9570011025358324,84.54,93.33,94.65,95.7,Quality Loss,🟡 Average,1,✅ Normal
2026-08-02,B,M3-HPDC,480,120,30.35,569,55,514,0.75,0.7994976851851853,0.9033391915641477,54.17,75.0,79.95,90.33,Availability Loss,🔴 Below Average,1,✅ Normal
2026-08-02,B,M4-HPDC,480,31,31.62,712,72,640,0.9354166666666667,0.8356881959910915,0.898876404494382,70.27,93.54,83.57,89.89,Performance Loss,🟡 Average,1,✅ Normal
2026-08-02,C,M1-HPDC,480,91,29.76,543,18,525,0.8104166666666667,0.6923598971722366,0.9668508287292817,54.25,81.04,69.24,96.69,Availability Loss,🔴 Below Average,1,✅ Normal
2026-08-02,C,M2-HPDC,480,77,29.36,696,36,660,0.8395833333333333,0.8451017369727047,0.9482758620689655,67.28,83.96,84.51,94.83,Availability Loss,🟡 Average,1,✅ Normal
2026-08-02,C,M3-HPDC,480,116,31.91,496,30,466,0.7583333333333333,0.7246959706959707,0.9395161290322581,51.63,75.83,72.47,93.95,Availability Loss,🔴 Below Average,1,✅ Normal
2026-08-02,C,M4-HPDC,480,48,28.61,589,42,547,0.9,0.6501269290123457,0.9286926994906621,54.34,90.0,65.01,92.87,Performance Loss,🔴 Below Average,1,✅ Normal
2026-08-03,A,M1-HPDC,480,23,29.48,880,60,820,0.9520833333333333,0.946112326768782,0.9318181818181818,83.94,95.21,94.61,93.18,Quality Loss,🟡 Average,1,✅ Normal
2026-08-03,A,M2-HPDC,480,33,30.3,700,63,637,0.93125,0.79082774049217,0.91,67.02,93.12,79.08,91.0,Performance Loss,🟡 Average,1,✅ Normal
2026-08-03,A,M3-HPDC,480,97,32.52,652,42,610,0.7979166666666667,0.9226736292428199,0.9355828220858896,68.88,79.79,92.27,93.56,Availability Loss,🟡 Average,1,✅ Normal
2026-08-03,A,M4-HPDC,480,47,32.96,705,53,652,0.9020833333333333,0.8944110854503464,0.924822695035461,74.62,90.21,89.44,92.48,Quality Loss,🟡 Average,1,✅ Normal
2026-08-03,B,M1-HPDC,480,42,28.84,627,33,594,0.9125,0.6880776255707762,0.9473684210526315,59.48,91.25,68.81,94.74,Performance Loss,🔴 Below Average,1,✅ Normal
2026-08-03,B,M2-HPDC,480,59,33.71,559,31,528,0.8770833333333333,0.7459972288202692,0.9445438282647585,61.8,87.71,74.6,94.45,Performance Loss,🔴 Below Average,1,✅ Normal
2026-08-03,B,M3-HPDC,480,72,30.61,575,31,544,0.85,0.718984885620915,0.9460869565217391,57.82,85.0,71.9,94.61,Performance Loss,🔴 Below Average,1,✅ Normal
2026-08-03,B,M4-HPDC,480,47,33.72,556,18,538,0.9020833333333333,0.7216443418013857,0.9676258992805755,62.99,90.21,72.16,96.76,Performance Loss,🔴 Below Average,1,✅ Normal
2026-08-03,C,M1-HPDC,480,44,30.28,640,47,593,0.9083333333333333,0.7407951070336392,0.9265625,62.35,90.83,74.08,92.66,Performance Loss,🔴 Below Average,1,✅ Normal
2026-08-03,C,M2-HPDC,480,67,33.67,607,38,569,0.8604166666666667,0.8247655367231639,0.9373970345963756,66.52,86.04,82.48,93.74,Performance Loss,🟡 Average,1,✅ Normal
2026-08-03,C,M3-HPDC,480,141,29.44,612,22,590,0.70625,0.8858053097345134,0.9640522875816994,60.31,70.62,88.58,96.41,Availability Loss,🔴 Below Average,-1,⚠️ Anomaly
2026-08-03,C,M4-HPDC,480,40,33.04,536,13,523,0.9166666666666666,0.6708121212121212,0.9757462686567164,60.0,91.67,67.08,97.57,Performance Loss,🔴 Below Average,1,✅ Normal
2026-08-04,A,M1-HPDC,480,43,31.2,643,15,628,0.9104166666666667,0.7651258581235697,0.9766718506998445,68.03,91.04,76.51,97.67,Performance Loss,🟡 Average,1,✅ Normal
2026-08-04,A,M2-HPDC,480,41,31.5,774,73,701,0.9145833333333333,0.925626423690205,0.9056847545219638,76.67,91.46,92.56,90.57,Quality Loss,🟡 Average,1,✅ Normal
2026-08-04,A,M3-HPDC,480,61,29.49,625,43,582,0.8729166666666667,0.7331443914081146,0.9312,59.59,87.29,73.31,93.12,Performance Loss,🔴 Below Average,1,✅ Normal
2026-08-04,A,M4-HPDC,480,21,28.99,625,29,596,0.95625,0.6579066811909949,0.9536,59.99,95.62,65.79,95.36,Performance Loss,🔴 Below Average,1,✅ Normal
2026-08-04,B,M1-HPDC,480,23,31.34,818,21,797,0.9520833333333333,0.9349423778264041,0.9743276283618582,86.73,95.21,93.49,97.43,Quality Loss,🟢 World Class,-1,⚠️ Anomaly
2026-08-04,B,M2-HPDC,480,31,29.96,674,57,617,0.9354166666666667,0.7495560504825538,0.9154302670623146,64.19,93.54,74.96,91.54,Performance Loss,🔴 Below Average,1,✅ Normal
2026-08-04,B,M3-HPDC,480,116,28.88,600,56,544,0.7583333333333333,0.7934065934065934,0.9066666666666666,54.55,75.83,79.34,90.67,Availability Loss,🔴 Below Average,1,✅ Normal
2026-08-04,B,M4-HPDC,480,13,34.73,625,52,573,0.9729166666666667,0.7746698786581012,0.9168,69.1,97.29,77.47,91.68,Performance Loss,🟡 Average,1,✅ Normal
2026-08-04,C,M1-HPDC,480,75,34.7,570,38,532,0.84375,0.8139506172839506,0.9333333333333333,64.1,84.38,81.4,93.33,Availability Loss,🔴 Below Average,1,✅ Normal
2026-08-04,C,M2-HPDC,480,69,29.88,618,34,584,0.85625,0.7488175182481752,0.9449838187702265,60.59,85.62,74.88,94.5,Performance Loss,🔴 Below Average,1,✅ Normal
2026-08-04,C,M3-HPDC,480,82,34.67,631,53,578,0.8291666666666667,0.9161126465661642,0.9160063391442155,69.58,82.92,91.61,91.6,Availability Loss,🟡 Average,1,✅ Normal
2026-08-04,C,M4-HPDC,480,77,29.47,537,43,494,0.8395833333333333,0.6544826302729528,0.9199255121042831,50.55,83.96,65.45,91.99,Availability Loss,🔴 Below Average,1,✅ Normal
2026-08-05,A,M1-HPDC,480,59,33.12,598,32,566,0.8770833333333333,0.7840760095011876,0.9464882943143813,65.09,87.71,78.41,94.65,Performance Loss,🟡 Average,1,✅ Normal
2026-08-05,A,M2-HPDC,480,13,34.09,773,36,737,0.9729166666666667,0.9404557458957888,0.9534282018111255,87.24,97.29,94.05,95.34,Quality Loss,🟢 World Class,-1,⚠️ Anomaly
2026-08-05,A,M3-HPDC,480,60,31.57,620,44,576,0.875,0.7767222222222223,0.9290322580645162,63.14,87.5,77.67,92.9,Performance Loss,🔴 Below Average,1,✅ Normal
2026-08-05,A,M4-HPDC,480,39,30.31,770,63,707,0.91875,0.8820370370370371,0.9181818181818182,74.41,91.88,88.2,91.82,Quality Loss,🟡 Average,1,✅ Normal
2026-08-05,B,M1-HPDC,480,12,30.77,794,92,702,0.975,0.8700633903133903,0.8841309823677582,75.0,97.5,87.01,88.41,Quality Loss,🟡 Average,-1,⚠️ Anomaly
2026-08-05,B,M2-HPDC,480,58,28.51,642,46,596,0.8791666666666667,0.7228838862559243,0.9283489096573209,59.0,87.92,72.29,92.83,Performance Loss,🔴 Below Average,1,✅ Normal
2026-08-05,B,M3-HPDC,480,108,32.98,578,29,549,0.775,0.8540519713261648,0.9498269896193772,62.87,77.5,85.41,94.98,Availability Loss,🔴 Below Average,1,✅ Normal
2026-08-05,B,M4-HPDC,480,32,28.25,871,49,822,0.9333333333333333,0.9153924851190476,0.9437428243398392,80.63,93.33,91.54,94.37,Quality Loss,🟡 Average,1,✅ Normal
2026-08-05,C,M1-HPDC,480,52,33.69,570,45,525,0.8916666666666667,0.7477920560747663,0.9210526315789473,61.41,89.17,74.78,92.11,Performance Loss,🔴 Below Average,1,✅ Normal
2026-08-05,C,M2-HPDC,480,41,34.6,542,44,498,0.9145833333333333,0.7119665907365225,0.9188191881918819,59.83,91.46,71.2,91.88,Performance Loss,🔴 Below Average,1,✅ Normal
2026-08-05,C,M3-HPDC,480,89,34.58,444,45,399,0.8145833333333333,0.6544552429667518,0.8986486486486487,47.91,81.46,65.45,89.86,Availability Loss,🔴 Below Average,1,✅ Normal
2026-08-05,C,M4-HPDC,480,42,31.5,666,72,594,0.9125,0.7982876712328767,0.8918918918918919,64.97,91.25,79.83,89.19,Performance Loss,🔴 Below Average,1,✅ Normal
2026-08-06,A,M1-HPDC,480,58,31.25,529,53,476,0.8791666666666667,0.6528929699842022,0.8998109640831758,51.65,87.92,65.29,89.98,Performance Loss,🔴 Below Average,1,✅ Normal
2026-08-06,A,M2-HPDC,480,12,34.07,776,59,717,0.975,0.9415356125356126,0.9239690721649485,84.82,97.5,94.15,92.4,Quality Loss,🟡 Average,-1,⚠️ Anomaly
2026-08-06,A,M3-HPDC,480,61,33.25,602,67,535,0.8729166666666667,0.7962012728719172,0.8887043189368771,61.77,87.29,79.62,88.87,Performance Loss,🔴 Below Average,1,✅ Normal
2026-08-06,A,M4-HPDC,480,22,34.82,567,28,539,0.9541666666666667,0.7184475982532751,0.9506172839506173,65.17,95.42,71.84,95.06,Performance Loss,🟡 Average,1,✅ Normal
2026-08-06,B,M1-HPDC,480,18,30.99,847,88,759,0.9625,0.9469166666666666,0.8961038961038961,81.67,96.25,94.69,89.61,Quality Loss,🟡 Average,-1,⚠️ Anomaly
2026-08-06,B,M2-HPDC,480,15,28.45,703,19,684,0.96875,0.7168584229390681,0.972972972972973,67.57,96.88,71.69,97.3,Performance Loss,🟡 Average,1,✅ Normal
2026-08-06,B,M3-HPDC,480,146,33.94,493,17,476,0.6958333333333333,0.8349510978043911,0.9655172413793104,56.1,69.58,83.5,96.55,Availability Loss,🔴 Below Average,-1,⚠️ Anomaly
2026-08-06,B,M4-HPDC,480,17,28.53,658,61,597,0.9645833333333333,0.6757645788336933,0.9072948328267477,59.14,96.46,67.58,90.73,Performance Loss,🔴 Below Average,1,✅ Normal
2026-08-06,C,M1-HPDC,480,53,33.51,523,16,507,0.8895833333333333,0.6840644028103045,0.9694072657743786,58.99,88.96,68.41,96.94,Performance Loss,🔴 Below Average,1,✅ Normal
2026-08-06,C,M2-HPDC,480,92,32.51,588,34,554,0.8083333333333333,0.8211288659793813,0.9421768707482994,62.54,80.83,82.11,94.22,Availability Loss,🔴 Below Average,1,✅ Normal
2026-08-06,C,M3-HPDC,480,71,32.12,559,25,534,0.8520833333333333,0.7316658516707416,0.9552772808586762,59.56,85.21,73.17,95.53,Performance Loss,🔴 Below Average,1,✅ Normal
2026-08-06,C,M4-HPDC,480,58,31.88,566,31,535,0.8791666666666667,0.7126413902053712,0.9452296819787986,59.22,87.92,71.26,94.52,Performance Loss,🔴 Below Average,1,✅ Normal
2026-08-07,A,M1-HPDC,480,18,30.95,586,22,564,0.9625,0.6542821067821069,0.962457337883959,60.61,96.25,65.43,96.25,Performance Loss,🔴 Below Average,1,✅ Normal
2026-08-07,A,M2-HPDC,480,18,29.79,672,58,614,0.9625,0.7221818181818183,0.9136904761904762,63.51,96.25,72.22,91.37,Performance Loss,🔴 Below Average,1,✅ Normal
2026-08-07,A,M3-HPDC,480,102,32.82,526,45,481,0.7875,0.7611693121693122,0.9144486692015209,54.81,78.75,76.12,91.44,Availability Loss,🔴 Below Average,1,✅ Normal
2026-08-07,A,M4-HPDC,480,33,34.32,610,53,557,0.93125,0.7805816554809843,0.9131147540983606,66.38,93.12,78.06,91.31,Performance Loss,🟡 Average,1,✅ Normal
2026-08-07,B,M1-HPDC,480,16,33.79,657,68,589,0.9666666666666667,0.7974148706896551,0.8964992389649924,69.11,96.67,79.74,89.65,Performance Loss,🟡 Average,1,✅ Normal
2026-08-07,B,M2-HPDC,480,29,33.14,635,21,614,0.9395833333333333,0.7776755358462676,0.9669291338582677,70.65,93.96,77.77,96.69,Performance Loss,🟡 Average,1,✅ Normal
2026-08-07,B,M3-HPDC,480,102,30.87,563,35,528,0.7875,0.7663055555555556,0.9378330373001776,56.6,78.75,76.63,93.78,Availability Loss,🔴 Below Average,1,✅ Normal
2026-08-07,B,M4-HPDC,480,18,34.69,625,44,581,0.9625,0.7821518759018758,0.9296,69.98,96.25,78.22,92.96,Performance Loss,🟡 Average,1,✅ Normal
2026-08-07,C,M1-HPDC,480,69,31.68,579,43,536,0.85625,0.7438248175182482,0.92573402417962,58.96,85.62,74.38,92.57,Performance Loss,🔴 Below Average,1,✅ Normal
2026-08-07,C,M2-HPDC,480,51,28.4,763,31,732,0.89375,0.8418492618492619,0.9593709043250328,72.18,89.38,84.18,95.94,Performance Loss,🟡 Average,1,✅ Normal
2026-08-07,C,M3-HPDC,480,93,34.88,496,22,474,0.80625,0.745068044788975,0.9556451612903226,57.41,80.62,74.51,95.56,Availability Loss,🔴 Below Average,1,✅ Normal
2026-08-07,C,M4-HPDC,480,40,28.96,600,49,551,0.9166666666666666,0.6581818181818182,0.9183333333333333,55.41,91.67,65.82,91.83,Performance Loss,🔴 Below Average,1,✅ Normal
2026-08-08,A,M1-HPDC,480,34,31.84,739,28,711,0.9291666666666667,0.8792884902840059,0.9621109607577808,78.6,92.92,87.93,96.21,Quality Loss,🟡 Average,1,✅ Normal
2026-08-08,A,M2-HPDC,480,29,34.65,706,37,669,0.9395833333333333,0.9040243902439024,0.9475920679886686,80.49,93.96,90.4,94.76,Quality Loss,🟡 Average,1,✅ Normal
2026-08-08,A,M3-HPDC,480,88,30.66,676,63,613,0.8166666666666667,0.8812142857142857,0.9068047337278107,65.26,81.67,88.12,90.68,Availability Loss,🟡 Average,1,✅ Normal
2026-08-08,A,M4-HPDC,480,20,32.75,550,32,518,0.9583333333333334,0.6526268115942029,0.9418181818181818,58.9,95.83,65.26,94.18,Performance Loss,🔴 Below Average,1,✅ Normal
2026-08-08,B,M1-HPDC,480,35,30.88,765,83,682,0.9270833333333334,0.8847640449438202,0.8915032679738563,73.13,92.71,88.48,89.15,Quality Loss,🟡 Average,1,✅ Normal
2026-08-08,B,M2-HPDC,480,41,34.13,564,29,535,0.9145833333333333,0.7308018223234624,0.9485815602836879,63.4,91.46,73.08,94.86,Performance Loss,🔴 Below Average,1,✅ Normal
2026-08-08,B,M3-HPDC,480,68,30.45,531,37,494,0.8583333333333333,0.6540837378640776,0.9303201506591338,52.23,85.83,65.41,93.03,Performance Loss,🔴 Below Average,1,✅ Normal
2026-08-08,B,M4-HPDC,480,42,30.7,713,53,660,0.9125,0.8329185692541856,0.9256661991584852,70.35,91.25,83.29,92.57,Performance Loss,🟡 Average,1,✅ Normal
2026-08-08,C,M1-HPDC,480,89,28.12,659,43,616,0.8145833333333333,0.7899011082693947,0.9347496206373292,60.15,81.46,78.99,93.47,Availability Loss,🔴 Below Average,1,✅ Normal
2026-08-08,C,M2-HPDC,480,79,31.62,534,23,511,0.8354166666666667,0.7017905236907731,0.9569288389513109,56.1,83.54,70.18,95.69,Availability Loss,🔴 Below Average,1,✅ Normal
2026-08-08,C,M3-HPDC,480,107,32.31,452,18,434,0.7770833333333333,0.6525522788203754,0.9601769911504425,48.69,77.71,65.26,96.02,Availability Loss,🔴 Below Average,-1,⚠️ Anomaly
2026-08-08,C,M4-HPDC,480,98,29.58,526,12,514,0.7958333333333333,0.6788429319371728,0.9771863117870723,52.79,79.58,67.88,97.72,Availability Loss,🔴 Below Average,1,✅ Normal
2026-08-09,A,M1-HPDC,480,57,31.23,613,51,562,0.88125,0.7542943262411348,0.9168026101141925,60.94,88.12,75.43,91.68,Performance Loss,🔴 Below Average,1,✅ Normal
2026-08-09,A,M2-HPDC,480,30,30.31,805,42,763,0.9375,0.903687037037037,0.9478260869565217,80.3,93.75,90.37,94.78,Quality Loss,🟡 Average,1,✅ Normal
2026-08-09,A,M3-HPDC,480,84,31.74,607,67,540,0.825,0.8108661616161617,0.8896210873146623,59.51,82.5,81.09,88.96,Availability Loss,🔴 Below Average,1,✅ Normal
2026-08-09,A,M4-HPDC,480,12,28.97,804,21,783,0.975,0.8294829059829059,0.9738805970149254,78.76,97.5,82.95,97.39,Performance Loss,🟡 Average,1,✅ Normal
2026-08-09,B,M1-HPDC,480,50,33.45,528,25,503,0.8958333333333334,0.6845581395348838,0.9526515151515151,58.42,89.58,68.46,95.27,Performance Loss,🔴 Below Average,1,✅ Normal
2026-08-09,B,M2-HPDC,480,52,34.97,680,21,659,0.8916666666666667,0.9259968847352025,0.9691176470588235,80.02,89.17,92.6,96.91,Quality Loss,🟡 Average,1,✅ Normal
2026-08-09,B,M3-HPDC,480,67,33.68,518,32,486,0.8604166666666667,0.7040451977401131,0.9382239382239382,56.84,86.04,70.4,93.82,Performance Loss,🔴 Below Average,1,✅ Normal
2026-08-09,B,M4-HPDC,480,54,33.91,520,12,508,0.8875,0.6898748043818466,0.9769230769230769,59.81,88.75,68.99,97.69,Performance Loss,🔴 Below Average,1,✅ Normal
2026-08-09,C,M1-HPDC,480,89,32.22,649,19,630,0.8145833333333333,0.8913375959079284,0.9707241910631741,70.48,81.46,89.13,97.07,Availability Loss,🟡 Average,1,✅ Normal
2026-08-09,C,M2-HPDC,480,63,28.01,599,26,573,0.86875,0.6705831334932055,0.9565943238731218,55.73,86.88,67.06,95.66,Performance Loss,🔴 Below Average,1,✅ Normal
2026-08-09,C,M3-HPDC,480,112,31.33,643,45,598,0.7666666666666667,0.9123727355072463,0.9300155520995335,65.05,76.67,91.24,93.0,Availability Loss,🟡 Average,1,✅ Normal
2026-08-09,C,M4-HPDC,480,80,29.42,600,69,531,0.8333333333333334,0.7355,0.885,54.24,83.33,73.55,88.5,Availability Loss,🔴 Below Average,1,✅ Normal
2026-08-10,A,M1-HPDC,480,27,29.34,667,59,608,0.94375,0.7200066225165562,0.9115442278860569,61.94,94.38,72.0,91.15,Performance Loss,🔴 Below Average,1,✅ Normal
2026-08-10,A,M2-HPDC,480,29,33.65,631,35,596,0.9395833333333333,0.7846692535107168,0.9445324881141046,69.64,93.96,78.47,94.45,Performance Loss,🟡 Average,1,✅ Normal
2026-08-10,A,M3-HPDC,480,143,33.53,416,49,367,0.7020833333333333,0.689835806132542,0.8822115384615384,42.73,70.21,68.98,88.22,Availability Loss,🔴 Below Average,-1,⚠️ Anomaly
2026-08-10,A,M4-HPDC,480,13,32.94,624,21,603,0.9729166666666667,0.7335674518201284,0.9663461538461539,68.97,97.29,73.36,96.63,Performance Loss,🟡 Average,1,✅ Normal
2026-08-10,B,M1-HPDC,480,34,30.58,738,78,660,0.9291666666666667,0.8433497757847532,0.8943089430894309,70.08,92.92,84.33,89.43,Performance Loss,🟡 Average,1,✅ Normal
2026-08-10,B,M2-HPDC,480,58,31.09,622,26,596,0.8791666666666667,0.7637432859399684,0.9581993569131833,64.34,87.92,76.37,95.82,Performance Loss,🔴 Below Average,1,✅ Normal
2026-08-10,B,M3-HPDC,480,68,29.68,646,52,594,0.8583333333333333,0.7756181229773462,0.9195046439628483,61.21,85.83,77.56,91.95,Performance Loss,🔴 Below Average,1,✅ Normal
2026-08-10,B,M4-HPDC,480,57,28.95,659,31,628,0.88125,0.7516962174940898,0.952959028831563,63.13,88.12,75.17,95.3,Performance Loss,🔴 Below Average,1,✅ Normal
2026-08-10,C,M1-HPDC,480,62,31.88,610,36,574,0.8708333333333333,0.7753907496012759,0.940983606557377,63.54,87.08,77.54,94.1,Performance Loss,🔴 Below Average,1,✅ Normal
2026-08-10,C,M2-HPDC,480,64,31.5,648,58,590,0.8666666666666667,0.8177884615384615,0.9104938271604939,64.53,86.67,81.78,91.05,Performance Loss,🔴 Below Average,1,✅ Normal
2026-08-10,C,M3-HPDC,480,124,29.07,620,54,566,0.7416666666666667,0.8437921348314608,0.9129032258064517,57.13,74.17,84.38,91.29,Availability Loss,🔴 Below Average,1,✅ Normal
2026-08-10,C,M4-HPDC,480,85,29.13,687,60,627,0.8229166666666666,0.8444012658227847,0.9126637554585153,63.42,82.29,84.44,91.27,Availability Loss,🔴 Below Average,1,✅ Normal
2026-08-11,A,M1-HPDC,480,41,30.82,725,85,640,0.9145833333333333,0.8483105542900532,0.8827586206896552,68.49,91.46,84.83,88.28,Performance Loss,🟡 Average,1,✅ Normal
2026-08-11,A,M2-HPDC,480,47,30.44,635,54,581,0.9020833333333333,0.7440107775211702,0.9149606299212598,61.41,90.21,74.4,91.5,Performance Loss,🔴 Below Average,1,✅ Normal
2026-08-11,A,M3-HPDC,480,138,31.1,556,20,536,0.7125,0.8426705653021443,0.9640287769784173,57.88,71.25,84.27,96.4,Availability Loss,🔴 Below Average,-1,⚠️ Anomaly
2026-08-11,A,M4-HPDC,480,47,33.56,629,75,554,0.9020833333333333,0.8125188606620478,0.8807631160572337,64.56,90.21,81.25,88.08,Performance Loss,🔴 Below Average,1,✅ Normal
2026-08-11,B,M1-HPDC,480,30,29.96,690,58,632,0.9375,0.7656444444444445,0.9159420289855073,65.75,93.75,76.56,91.59,Performance Loss,🟡 Average,1,✅ Normal
2026-08-11,B,M2-HPDC,480,46,34.86,648,47,601,0.9041666666666667,0.8674838709677419,0.9274691358024691,72.75,90.42,86.75,92.75,Quality Loss,🟡 Average,1,✅ Normal
2026-08-11,B,M3-HPDC,480,61,34.16,572,39,533,0.8729166666666667,0.777228321400159,0.9318181818181818,63.22,87.29,77.72,93.18,Performance Loss,🔴 Below Average,1,✅ Normal
2026-08-11,B,M4-HPDC,480,14,29.42,807,90,717,0.9708333333333333,0.8491394849785409,0.8884758364312267,73.24,97.08,84.91,88.85,Performance Loss,🟡 Average,1,✅ Normal
2026-08-11,C,M1-HPDC,480,92,29.6,689,28,661,0.8083333333333333,0.8760481099656358,0.9593613933236574,67.94,80.83,87.6,95.94,Availability Loss,🟡 Average,1,✅ Normal
2026-08-11,C,M2-HPDC,480,69,33.6,694,26,668,0.85625,0.9455961070559611,0.962536023054755,77.93,85.62,94.56,96.25,Quality Loss,🟡 Average,1,✅ Normal
2026-08-11,C,M3-HPDC,480,131,33.78,547,40,507,0.7270833333333333,0.8824097421203438,0.926873857404022,59.47,72.71,88.24,92.69,Availability Loss,🔴 Below Average,-1,⚠️ Anomaly
2026-08-11,C,M4-HPDC,480,51,30.58,671,50,621,0.89375,0.7971709401709401,0.9254843517138599,65.94,89.38,79.72,92.55,Performance Loss,🟡 Average,1,✅ Normal
2026-08-12,A,M1-HPDC,480,22,28.99,803,71,732,0.9541666666666667,0.8471240902474526,0.9115815691158157,73.68,95.42,84.71,91.16,Performance Loss,🟡 Average,1,✅ Normal
2026-08-12,A,M2-HPDC,480,58,32.19,656,40,616,0.8791666666666667,0.8339905213270142,0.9390243902439024,68.85,87.92,83.4,93.9,Performance Loss,🟡 Average,1,✅ Normal
2026-08-12,A,M3-HPDC,480,92,29.18,573,61,512,0.8083333333333333,0.7182190721649484,0.893542757417103,51.88,80.83,71.82,89.35,Availability Loss,🔴 Below Average,1,✅ Normal
2026-08-12,A,M4-HPDC,480,18,30.71,671,53,618,0.9625,0.7433769841269842,0.9210134128166915,65.9,96.25,74.34,92.1,Performance Loss,🟡 Average,1,✅ Normal
2026-08-12,B,M1-HPDC,480,14,33.11,631,73,558,0.9708333333333333,0.7472249642346209,0.884310618066561,64.15,97.08,74.72,88.43,Performance Loss,🔴 Below Average,1,✅ Normal
2026-08-12,B,M2-HPDC,480,49,33.82,521,40,481,0.8979166666666667,0.6813696829079661,0.9232245681381958,56.48,89.79,68.14,92.32,Performance Loss,🔴 Below Average,1,✅ Normal
2026-08-12,B,M3-HPDC,480,105,34.8,479,37,442,0.78125,0.7408533333333333,0.9227557411273486,53.41,78.12,74.09,92.28,Availability Loss,🔴 Below Average,1,✅ Normal
2026-08-12,B,M4-HPDC,480,14,30.61,765,32,733,0.9708333333333333,0.8375053648068669,0.9581699346405229,77.91,97.08,83.75,95.82,Performance Loss,🟡 Average,1,✅ Normal
2026-08-12,C,M1-HPDC,480,85,31.07,635,23,612,0.8229166666666666,0.8324662447257384,0.9637795275590552,66.02,82.29,83.25,96.38,Availability Loss,🟡 Average,1,✅ Normal
2026-08-12,C,M2-HPDC,480,69,31.97,700,36,664,0.85625,0.9075020275750203,0.9485714285714286,73.71,85.62,90.75,94.86,Quality Loss,🟡 Average,1,✅ Normal
2026-08-12,C,M3-HPDC,480,65,34.72,671,44,627,0.8645833333333334,0.9356273092369477,0.9344262295081968,75.59,86.46,93.56,93.44,Quality Loss,🟡 Average,1,✅ Normal
2026-08-12,C,M4-HPDC,480,66,34.24,501,49,452,0.8625,0.6905893719806764,0.9021956087824351,53.74,86.25,69.06,90.22,Performance Loss,🔴 Below Average,1,✅ Normal
2026-08-13,A,M1-HPDC,480,25,33.31,581,42,539,0.9479166666666666,0.7089051282051282,0.927710843373494,62.34,94.79,70.89,92.77,Performance Loss,🔴 Below Average,1,✅ Normal
2026-08-13,A,M2-HPDC,480,37,28.9,693,43,650,0.9229166666666667,0.7534875846501129,0.937950937950938,65.23,92.29,75.35,93.8,Performance Loss,🟡 Average,1,✅ Normal
2026-08-13,A,M3-HPDC,480,142,29.51,518,56,462,0.7041666666666667,0.7537564102564103,0.8918918918918919,47.34,70.42,75.38,89.19,Availability Loss,🔴 Below Average,-1,⚠️ Anomaly
2026-08-13,A,M4-HPDC,480,50,29.89,787,39,748,0.8958333333333334,0.9117608527131783,0.9504447268106735,77.63,89.58,91.18,95.04,Quality Loss,🟡 Average,1,✅ Normal
2026-08-13,B,M1-HPDC,480,48,32.7,517,21,496,0.9,0.6522337962962963,0.9593810444874274,56.32,90.0,65.22,95.94,Performance Loss,🔴 Below Average,1,✅ Normal
2026-08-13,B,M2-HPDC,480,39,28.01,843,23,820,0.91875,0.8923820861678005,0.9727164887307236,79.75,91.88,89.24,97.27,Quality Loss,🟡 Average,1,✅ Normal
2026-08-13,B,M3-HPDC,480,97,34.18,530,63,467,0.7979166666666667,0.7883115752828547,0.8811320754716981,55.42,79.79,78.83,88.11,Availability Loss,🔴 Below Average,1,✅ Normal
2026-08-13,B,M4-HPDC,480,22,32.61,797,22,775,0.9541666666666667,0.9457849344978165,0.972396486825596,87.75,95.42,94.58,97.24,Quality Loss,🟢 World Class,-1,⚠️ Anomaly
2026-08-13,C,M1-HPDC,480,55,30.25,691,44,647,0.8854166666666666,0.8197156862745099,0.9363241678726484,67.96,88.54,81.97,93.63,Performance Loss,🟡 Average,1,✅ Normal
2026-08-13,C,M2-HPDC,480,57,30.93,735,58,677,0.88125,0.8957269503546099,0.9210884353741496,72.71,88.12,89.57,92.11,Quality Loss,🟡 Average,1,✅ Normal
2026-08-13,C,M3-HPDC,480,110,30.79,650,25,625,0.7708333333333334,0.901509009009009,0.9615384615384616,66.82,77.08,90.15,96.15,Availability Loss,🟡 Average,1,✅ Normal
2026-08-13,C,M4-HPDC,480,97,31.65,518,37,481,0.7979166666666667,0.7134334203655353,0.9285714285714286,52.86,79.79,71.34,92.86,Availability Loss,🔴 Below Average,1,✅ Normal
2026-08-14,A,M1-HPDC,480,59,33.81,604,21,583,0.8770833333333333,0.8084418052256532,0.9652317880794702,68.44,87.71,80.84,96.52,Performance Loss,🟡 Average,1,✅ Normal
2026-08-14,A,M2-HPDC,480,16,29.5,697,28,669,0.9666666666666667,0.7385596264367816,0.9598278335724534,68.53,96.67,73.86,95.98,Performance Loss,🟡 Average,1,✅ Normal
2026-08-14,A,M3-HPDC,480,97,34.04,459,36,423,0.7979166666666667,0.679911227154047,0.9215686274509803,50.0,79.79,67.99,92.16,Availability Loss,🔴 Below Average,1,✅ Normal
2026-08-14,A,M4-HPDC,480,14,31.79,597,24,573,0.9708333333333333,0.6787778969957082,0.9597989949748744,63.25,97.08,67.88,95.98,Performance Loss,🔴 Below Average,1,✅ Normal
2026-08-14,B,M1-HPDC,480,37,31.34,632,37,595,0.9229166666666667,0.7451798344620015,0.9414556962025317,64.75,92.29,74.52,94.15,Performance Loss,🔴 Below Average,1,✅ Normal
2026-08-14,B,M2-HPDC,480,54,34.09,543,20,523,0.8875,0.7242124413145541,0.9631675874769797,61.91,88.75,72.42,96.32,Performance Loss,🔴 Below Average,1,✅ Normal
2026-08-14,B,M3-HPDC,480,123,30.55,493,31,462,0.74375,0.7031349206349207,0.9371196754563894,49.01,74.38,70.31,93.71,Availability Loss,🔴 Below Average,-1,⚠️ Anomaly
2026-08-14,B,M4-HPDC,480,21,33.77,749,88,661,0.95625,0.918436092955701,0.8825100133511349,77.51,95.62,91.84,88.25,Quality Loss,🟡 Average,-1,⚠️ Anomaly
2026-08-14,C,M1-HPDC,480,89,31.67,493,55,438,0.8145833333333333,0.6655289855072465,0.8884381338742393,48.16,81.46,66.55,88.84,Availability Loss,🔴 Below Average,1,✅ Normal
2026-08-14,C,M2-HPDC,480,66,33.62,614,22,592,0.8625,0.83102576489533,0.9641693811074918,69.11,86.25,83.1,96.42,Performance Loss,🟡 Average,1,✅ Normal
2026-08-14,C,M3-HPDC,480,97,30.51,680,34,646,0.7979166666666667,0.9028198433420366,0.95,68.44,79.79,90.28,95.0,Availability Loss,🟡 Average,1,✅ Normal
2026-08-14,C,M4-HPDC,480,100,29.73,575,65,510,0.7916666666666666,0.7497697368421052,0.8869565217391304,52.65,79.17,74.98,88.7,Availability Loss,🔴 Below Average,1,✅ Normal
2026-08-15,A,M1-HPDC,480,39,32.87,556,24,532,0.91875,0.6906923658352229,0.9568345323741008,60.72,91.88,69.07,95.68,Performance Loss,🔴 Below Average,1,✅ Normal
2026-08-15,A,M2-HPDC,480,15,30.39,743,68,675,0.96875,0.8093107526881721,0.9084791386271871,71.23,96.88,80.93,90.85,Performance Loss,🟡 Average,1,✅ Normal
2026-08-15,A,M3-HPDC,480,150,29.29,576,17,559,0.6875,0.8520727272727273,0.9704861111111112,56.85,68.75,85.21,97.05,Availability Loss,🔴 Below Average,-1,⚠️ Anomaly
2026-08-15,A,M4-HPDC,480,44,33.25,529,17,512,0.9083333333333333,0.6723719418960244,0.9678638941398866,59.11,90.83,67.24,96.79,Performance Loss,🔴 Below Average,1,✅ Normal
2026-08-15,B,M1-HPDC,480,23,34.04,724,60,664,0.9520833333333333,0.8987950401167031,0.9171270718232044,78.48,95.21,89.88,91.71,Quality Loss,🟡 Average,1,✅ Normal
2026-08-15,B,M2-HPDC,480,21,28.81,846,50,796,0.95625,0.8850130718954248,0.9408983451536643,79.63,95.62,88.5,94.09,Quality Loss,🟡 Average,1,✅ Normal
2026-08-15,B,M3-HPDC,480,108,31.77,509,26,483,0.775,0.7245040322580645,0.9489194499017681,53.28,77.5,72.45,94.89,Availability Loss,🔴 Below Average,1,✅ Normal
2026-08-15,B,M4-HPDC,480,33,28.18,702,38,664,0.93125,0.7375973154362416,0.9458689458689459,64.97,93.12,73.76,94.59,Performance Loss,🔴 Below Average,1,✅ Normal
2026-08-15,C,M1-HPDC,480,65,32.58,687,33,654,0.8645833333333334,0.8988939759036144,0.9519650655021834,73.98,86.46,89.89,95.2,Quality Loss,🟡 Average,1,✅ Normal
2026-08-15,C,M2-HPDC,480,55,28.12,657,20,637,0.8854166666666666,0.7245035294117647,0.969558599695586,62.2,88.54,72.45,96.96,Performance Loss,🔴 Below Average,1,✅ Normal
2026-08-15,C,M3-HPDC,480,133,32.51,573,37,536,0.7229166666666667,0.8947276657060519,0.9354275741710296,60.5,72.29,89.47,93.54,Availability Loss,🔴 Below Average,-1,⚠️ Anomaly
2026-08-15,C,M4-HPDC,480,100,31.92,675,61,614,0.7916666666666666,0.945,0.9096296296296297,68.05,79.17,94.5,90.96,Availability Loss,🟡 Average,1,✅ Normal
2026-08-16,A,M1-HPDC,480,32,32.34,759,59,700,0.9333333333333333,0.9131718750000001,0.922266139657444,78.6,93.33,91.32,92.23,Quality Loss,🟡 Average,1,✅ Normal
2026-08-16,A,M2-HPDC,480,57,32.59,630,45,585,0.88125,0.8089716312056738,0.9285714285714286,66.2,88.12,80.9,92.86,Performance Loss,🟡 Average,1,✅ Normal
2026-08-16,A,M3-HPDC,480,61,33.11,496,28,468,0.8729166666666667,0.653244232299125,0.9435483870967742,53.8,87.29,65.32,94.35,Performance Loss,🔴 Below Average,1,✅ Normal
2026-08-16,A,M4-HPDC,480,31,29.49,866,84,782,0.9354166666666667,0.9479710467706013,0.9030023094688222,80.07,93.54,94.8,90.3,Quality Loss,🟡 Average,1,✅ Normal
2026-08-16,B,M1-HPDC,480,30,30.66,647,15,632,0.9375,0.7347044444444445,0.9768160741885626,67.28,93.75,73.47,97.68,Performance Loss,🟡 Average,1,✅ Normal
2026-08-16,B,M2-HPDC,480,52,33.36,578,34,544,0.8916666666666667,0.7508598130841121,0.9411764705882353,63.01,89.17,75.09,94.12,Performance Loss,🔴 Below Average,1,✅ Normal
2026-08-16,B,M3-HPDC,480,103,30.78,612,34,578,0.7854166666666667,0.8327745358090186,0.9444444444444444,61.77,78.54,83.28,94.44,Availability Loss,🔴 Below Average,1,✅ Normal
2026-08-16,B,M4-HPDC,480,11,34.4,681,67,614,0.9770833333333333,0.8324946695095948,0.9016152716593245,73.34,97.71,83.25,90.16,Performance Loss,🟡 Average,1,✅ Normal
2026-08-16,C,M1-HPDC,480,62,30.12,674,55,619,0.8708333333333333,0.8094449760765551,0.9183976261127597,64.74,87.08,80.94,91.84,Performance Loss,🔴 Below Average,1,✅ Normal
2026-08-16,C,M2-HPDC,480,66,28.23,764,69,695,0.8625,0.8682657004830918,0.9096858638743456,68.12,86.25,86.83,90.97,Quality Loss,🟡 Average,1,✅ Normal
2026-08-16,C,M3-HPDC,480,108,29.5,625,40,585,0.775,0.8260528673835126,0.936,59.92,77.5,82.61,93.6,Availability Loss,🔴 Below Average,1,✅ Normal
2026-08-16,C,M4-HPDC,480,90,30.93,501,44,457,0.8125,0.6622192307692307,0.9121756487025948,49.08,81.25,66.22,91.22,Availability Loss,🔴 Below Average,1,✅ Normal
2026-08-17,A,M1-HPDC,480,55,30.87,572,35,537,0.8854166666666666,0.6924564705882352,0.9388111888111889,57.56,88.54,69.25,93.88,Performance Loss,🔴 Below Average,1,✅ Normal
2026-08-17,A,M2-HPDC,480,10,30.15,702,36,666,0.9791666666666666,0.7505425531914893,0.9487179487179487,69.72,97.92,75.05,94.87,Performance Loss,🟡 Average,1,✅ Normal
2026-08-17,A,M3-HPDC,480,109,31.84,494,56,438,0.7729166666666667,0.7066019766397125,0.8866396761133604,48.42,77.29,70.66,88.66,Availability Loss,🔴 Below Average,-1,⚠️ Anomaly
2026-08-17,A,M4-HPDC,480,40,34.53,598,28,570,0.9166666666666666,0.7821568181818183,0.9531772575250836,68.34,91.67,78.22,95.32,Performance Loss,🟡 Average,1,✅ Normal
2026-08-17,B,M1-HPDC,480,40,33.23,706,53,653,0.9166666666666666,0.8886507575757575,0.9249291784702549,75.34,91.67,88.87,92.49,Quality Loss,🟡 Average,1,✅ Normal
2026-08-17,B,M2-HPDC,480,36,34.47,550,37,513,0.925,0.7116554054054054,0.9327272727272727,61.4,92.5,71.17,93.27,Performance Loss,🔴 Below Average,1,✅ Normal
2026-08-17,B,M3-HPDC,480,123,33.08,464,50,414,0.74375,0.716578898225957,0.8922413793103449,47.55,74.38,71.66,89.22,Availability Loss,🔴 Below Average,-1,⚠️ Anomaly
2026-08-17,B,M4-HPDC,480,53,29.92,648,60,588,0.8895833333333333,0.7567587822014051,0.9074074074074074,61.09,88.96,75.68,90.74,Performance Loss,🔴 Below Average,1,✅ Normal
2026-08-17,C,M1-HPDC,480,98,33.09,605,37,568,0.7958333333333333,0.8734489528795811,0.9388429752066115,65.26,79.58,87.34,93.88,Availability Loss,🟡 Average,1,✅ Normal
2026-08-17,C,M2-HPDC,480,53,32.61,642,68,574,0.8895833333333333,0.81715925058548,0.8940809968847352,64.99,88.96,81.72,89.41,Performance Loss,🔴 Below Average,1,✅ Normal
2026-08-17,C,M3-HPDC,480,64,33.74,514,29,485,0.8666666666666667,0.6948060897435898,0.943579766536965,56.82,86.67,69.48,94.36,Performance Loss,🔴 Below Average,1,✅ Normal
2026-08-17,C,M4-HPDC,480,64,29.98,688,81,607,0.8666666666666667,0.8263717948717949,0.8822674418604651,63.19,86.67,82.64,88.23,Performance Loss,🔴 Below Average,1,✅ Normal
2026-08-18,A,M1-HPDC,480,34,32.5,719,36,683,0.9291666666666667,0.8732249626307922,0.9499304589707928,77.07,92.92,87.32,94.99,Quality Loss,🟡 Average,1,✅ Normal
2026-08-18,A,M2-HPDC,480,10,30.07,876,82,794,0.9791666666666666,0.9340893617021276,0.906392694063927,82.9,97.92,93.41,90.64,Quality Loss,🟡 Average,-1,⚠️ Anomaly
2026-08-18,A,M3-HPDC,480,128,30.3,475,55,420,0.7333333333333333,0.6814630681818182,0.8842105263157894,44.19,73.33,68.15,88.42,Availability Loss,🔴 Below Average,-1,⚠️ Anomaly
2026-08-18,A,M4-HPDC,480,53,30.0,798,49,749,0.8895833333333333,0.9344262295081968,0.9385964912280702,78.02,88.96,93.44,93.86,Quality Loss,🟡 Average,1,✅ Normal
2026-08-18,B,M1-HPDC,480,44,33.56,591,35,556,0.9083333333333333,0.7581788990825689,0.9407783417935702,64.79,90.83,75.82,94.08,Performance Loss,🔴 Below Average,1,✅ Normal
2026-08-18,B,M2-HPDC,480,18,30.79,613,58,555,0.9625,0.6808899711399712,0.9053833605220228,59.33,96.25,68.09,90.54,Performance Loss,🔴 Below Average,1,✅ Normal
2026-08-18,B,M3-HPDC,480,102,33.9,531,52,479,0.7875,0.7936904761904761,0.9020715630885122,56.38,78.75,79.37,90.21,Availability Loss,🔴 Below Average,1,✅ Normal
2026-08-18,B,M4-HPDC,480,16,34.47,589,53,536,0.9666666666666667,0.7292683189655171,0.9100169779286927,64.15,96.67,72.93,91.0,Performance Loss,🔴 Below Average,1,✅ Normal
2026-08-18,C,M1-HPDC,480,60,32.54,602,14,588,0.875,0.7773444444444444,0.9767441860465116,66.44,87.5,77.73,97.67,Performance Loss,🟡 Average,1,✅ Normal
2026-08-18,C,M2-HPDC,480,74,31.04,652,36,616,0.8458333333333333,0.830791461412151,0.9447852760736196,66.39,84.58,83.08,94.48,Availability Loss,🟡 Average,1,✅ Normal
2026-08-18,C,M3-HPDC,480,74,28.77,698,29,669,0.8458333333333333,0.8243620689655172,0.9584527220630372,66.83,84.58,82.44,95.85,Availability Loss,🟡 Average,1,✅ Normal
2026-08-18,C,M4-HPDC,480,81,33.55,504,21,483,0.83125,0.7063157894736841,0.9583333333333334,56.27,83.12,70.63,95.83,Availability Loss,🔴 Below Average,1,✅ Normal
2026-08-19,A,M1-HPDC,480,41,34.86,656,47,609,0.9145833333333333,0.8681913439635536,0.9283536585365854,73.71,91.46,86.82,92.84,Quality Loss,🟡 Average,1,✅ Normal
2026-08-19,A,M2-HPDC,480,58,29.24,667,62,605,0.8791666666666667,0.7702638230647708,0.9070464767616192,61.42,87.92,77.03,90.7,Performance Loss,🔴 Below Average,1,✅ Normal
2026-08-19,A,M3-HPDC,480,88,31.1,613,66,547,0.8166666666666667,0.8105569727891156,0.8923327895595432,59.07,81.67,81.06,89.23,Availability Loss,🔴 Below Average,1,✅ Normal
2026-08-19,A,M4-HPDC,480,57,30.96,710,30,680,0.88125,0.8660992907801419,0.9577464788732394,73.1,88.12,86.61,95.77,Quality Loss,🟡 Average,1,✅ Normal
2026-08-19,B,M1-HPDC,480,58,31.32,608,67,541,0.8791666666666667,0.7520758293838863,0.8898026315789473,58.83,87.92,75.21,88.98,Performance Loss,🔴 Below Average,1,✅ Normal
2026-08-19,B,M2-HPDC,480,14,31.95,739,30,709,0.9708333333333333,0.8444581545064378,0.959404600811908,78.65,97.08,84.45,95.94,Performance Loss,🟡 Average,1,✅ Normal
2026-08-19,B,M3-HPDC,480,145,33.18,484,32,452,0.6979166666666666,0.7989611940298507,0.9338842975206612,52.07,69.79,79.9,93.39,Availability Loss,🔴 Below Average,-1,⚠️ Anomaly
2026-08-19,B,M4-HPDC,480,29,30.07,668,20,648,0.9395833333333333,0.7423045084996304,0.9700598802395209,67.66,93.96,74.23,97.01,Performance Loss,🟡 Average,1,✅ Normal
2026-08-19,C,M1-HPDC,480,87,28.73,720,34,686,0.81875,0.8772519083969466,0.9527777777777777,68.43,81.88,87.73,95.28,Availability Loss,🟡 Average,1,✅ Normal
2026-08-19,C,M2-HPDC,480,83,29.9,709,57,652,0.8270833333333333,0.8899706129303107,0.919605077574048,67.69,82.71,89.0,91.96,Availability Loss,🟡 Average,1,✅ Normal
2026-08-19,C,M3-HPDC,480,102,30.46,593,52,541,0.7875,0.7964188712522046,0.9123102866779089,57.22,78.75,79.64,91.23,Availability Loss,🔴 Below Average,1,✅ Normal
2026-08-19,C,M4-HPDC,480,96,28.68,738,32,706,0.8,0.91865625,0.9566395663956639,70.31,80.0,91.87,95.66,Availability Loss,🟡 Average,1,✅ Normal
2026-08-20,A,M1-HPDC,480,50,32.82,636,37,599,0.8958333333333334,0.8090511627906977,0.9418238993710691,68.26,89.58,80.91,94.18,Performance Loss,🟡 Average,1,✅ Normal
2026-08-20,A,M2-HPDC,480,49,28.84,741,36,705,0.8979166666666667,0.8263897911832946,0.951417004048583,70.6,89.79,82.64,95.14,Performance Loss,🟡 Average,1,✅ Normal
2026-08-20,A,M3-HPDC,480,97,33.66,465,9,456,0.7979166666666667,0.6811096605744125,0.9806451612903225,53.29,79.79,68.11,98.06,Availability Loss,🔴 Below Average,1,✅ Normal
2026-08-20,A,M4-HPDC,480,11,28.43,786,22,764,0.9770833333333333,0.7941002132196162,0.9720101781170484,75.42,97.71,79.41,97.2,Performance Loss,🟡 Average,1,✅ Normal
2026-08-20,B,M1-HPDC,480,10,34.06,737,34,703,0.9791666666666666,0.8901496453900709,0.9538670284938942,83.14,97.92,89.01,95.39,Quality Loss,🟡 Average,-1,⚠️ Anomaly
2026-08-20,B,M2-HPDC,480,28,31.21,673,74,599,0.9416666666666667,0.7744959439528024,0.8900445765230312,64.91,94.17,77.45,89.0,Performance Loss,🔴 Below Average,1,✅ Normal
2026-08-20,B,M3-HPDC,480,106,29.3,606,72,534,0.7791666666666667,0.7912566844919786,0.8811881188118812,54.33,77.92,79.13,88.12,Availability Loss,🔴 Below Average,1,✅ Normal
2026-08-20,B,M4-HPDC,480,15,33.64,731,27,704,0.96875,0.8813921146953405,0.9630642954856361,82.23,96.88,88.14,96.31,Quality Loss,🟡 Average,1,✅ Normal
2026-08-20,C,M1-HPDC,480,70,28.62,711,20,691,0.8541666666666666,0.8271878048780488,0.9718706047819972,68.67,85.42,82.72,97.19,Performance Loss,🟡 Average,1,✅ Normal
2026-08-20,C,M2-HPDC,480,93,34.97,538,61,477,0.80625,0.8102437553832903,0.8866171003717472,57.92,80.62,81.02,88.66,Availability Loss,🔴 Below Average,1,✅ Normal
2026-08-20,C,M3-HPDC,480,110,31.08,534,30,504,0.7708333333333334,0.7475999999999999,0.9438202247191011,54.39,77.08,74.76,94.38,Availability Loss,🔴 Below Average,1,✅ Normal
2026-08-20,C,M4-HPDC,480,63,34.42,484,17,467,0.86875,0.6658385291766588,0.9648760330578512,55.81,86.88,66.58,96.49,Performance Loss,🔴 Below Average,1,✅ Normal
2026-08-21,A,M1-HPDC,480,60,34.22,514,57,457,0.875,0.697979365079365,0.8891050583657587,54.3,87.5,69.8,88.91,Performance Loss,🔴 Below Average,1,✅ Normal
2026-08-21,A,M2-HPDC,480,42,31.96,704,83,621,0.9125,0.8561582952815829,0.8821022727272727,68.91,91.25,85.62,88.21,Quality Loss,🟡 Average,1,✅ Normal
2026-08-21,A,M3-HPDC,480,128,30.84,582,46,536,0.7333333333333333,0.8498522727272728,0.9209621993127147,57.4,73.33,84.99,92.1,Availability Loss,🔴 Below Average,1,✅ Normal
2026-08-21,A,M4-HPDC,480,55,29.48,629,19,610,0.8854166666666666,0.7271733333333334,0.9697933227344993,62.44,88.54,72.72,96.98,Performance Loss,🔴 Below Average,1,✅ Normal
2026-08-21,B,M1-HPDC,480,45,29.96,768,36,732,0.90625,0.8815816091954023,0.953125,76.15,90.62,88.16,95.31,Quality Loss,🟡 Average,1,✅ Normal
2026-08-21,B,M2-HPDC,480,36,29.3,766,82,684,0.925,0.8424849849849849,0.8929503916449086,69.59,92.5,84.25,89.3,Performance Loss,🟡 Average,1,✅ Normal
2026-08-21,B,M3-HPDC,480,135,29.57,565,67,498,0.71875,0.8071038647342995,0.8814159292035398,51.13,71.88,80.71,88.14,Availability Loss,🔴 Below Average,-1,⚠️ Anomaly
2026-08-21,B,M4-HPDC,480,42,33.26,672,49,623,0.9125,0.8504840182648401,0.9270833333333334,71.95,91.25,85.05,92.71,Quality Loss,🟡 Average,1,✅ Normal
2026-08-21,C,M1-HPDC,480,75,31.44,705,37,668,0.84375,0.9121481481481482,0.9475177304964539,72.92,84.38,91.21,94.75,Availability Loss,🟡 Average,1,✅ Normal
2026-08-21,C,M2-HPDC,480,89,29.34,671,71,600,0.8145833333333333,0.8391790281329923,0.8941877794336811,61.12,81.46,83.92,89.42,Availability Loss,🔴 Below Average,1,✅ Normal
2026-08-21,C,M3-HPDC,480,100,33.62,563,26,537,0.7916666666666666,0.8301780701754385,0.9538188277087034,62.69,79.17,83.02,95.38,Availability Loss,🔴 Below Average,1,✅ Normal
2026-08-21,C,M4-HPDC,480,55,31.03,535,53,482,0.8854166666666666,0.651021568627451,0.9009345794392524,51.93,88.54,65.1,90.09,Performance Loss,🔴 Below Average,1,✅ Normal
2026-08-22,A,M1-HPDC,480,43,32.44,733,85,648,0.9104166666666667,0.9068848207475209,0.8840381991814461,72.99,91.04,90.69,88.4,Quality Loss,🟡 Average,1,✅ Normal
2026-08-22,A,M2-HPDC,480,39,31.88,632,26,606,0.91875,0.7614572940287226,0.9588607594936709,67.08,91.88,76.15,95.89,Performance Loss,🟡 Average,1,✅ Normal
2026-08-22,A,M3-HPDC,480,128,34.37,491,34,457,0.7333333333333333,0.7990374053030302,0.9307535641547862,54.54,73.33,79.9,93.08,Availability Loss,🔴 Below Average,1,✅ Normal
2026-08-22,A,M4-HPDC,480,26,31.52,670,46,624,0.9458333333333333,0.7752716593245228,0.9313432835820895,68.29,94.58,77.53,93.13,Performance Loss,🟡 Average,1,✅ Normal
2026-08-22,B,M1-HPDC,480,17,32.73,656,45,611,0.9645833333333333,0.772889848812095,0.9314024390243902,69.44,96.46,77.29,93.14,Performance Loss,🟡 Average,1,✅ Normal
2026-08-22,B,M2-HPDC,480,19,32.47,693,49,644,0.9604166666666667,0.8135108459869848,0.9292929292929293,72.61,96.04,81.35,92.93,Performance Loss,🟡 Average,1,✅ Normal
2026-08-22,B,M3-HPDC,480,79,31.51,556,38,518,0.8354166666666667,0.728161263507897,0.9316546762589928,56.67,83.54,72.82,93.17,Availability Loss,🔴 Below Average,1,✅ Normal
2026-08-22,B,M4-HPDC,480,18,28.51,712,41,671,0.9625,0.7322914862914864,0.9424157303370787,66.42,96.25,73.23,94.24,Performance Loss,🟡 Average,1,✅ Normal
2026-08-22,C,M1-HPDC,480,99,28.47,690,64,626,0.79375,0.8593307086614173,0.9072463768115943,61.88,79.38,85.93,90.72,Availability Loss,🔴 Below Average,1,✅ Normal
2026-08-22,C,M2-HPDC,480,82,32.15,663,73,590,0.8291666666666667,0.892606783919598,0.889894419306184,65.86,82.92,89.26,88.99,Availability Loss,🟡 Average,1,✅ Normal
2026-08-22,C,M3-HPDC,480,134,34.28,531,18,513,0.7208333333333333,0.8768150289017341,0.9661016949152542,61.06,72.08,87.68,96.61,Availability Loss,🔴 Below Average,-1,⚠️ Anomaly
2026-08-22,C,M4-HPDC,480,79,30.43,557,14,543,0.8354166666666667,0.7044684123025768,0.9748653500897666,57.37,83.54,70.45,97.49,Availability Loss,🔴 Below Average,1,✅ Normal
2026-08-23,A,M1-HPDC,480,20,32.81,748,29,719,0.9583333333333334,0.8891985507246377,0.9612299465240641,81.91,95.83,88.92,96.12,Quality Loss,🟡 Average,1,✅ Normal
2026-08-23,A,M2-HPDC,480,49,28.24,600,23,577,0.8979166666666667,0.6552204176334107,0.9616666666666667,56.58,89.79,65.52,96.17,Performance Loss,🔴 Below Average,1,✅ Normal
2026-08-23,A,M3-HPDC,480,108,31.69,643,22,621,0.775,0.9129332437275987,0.9657853810264385,68.33,77.5,91.29,96.58,Availability Loss,🟡 Average,1,✅ Normal
2026-08-23,A,M4-HPDC,480,15,33.39,617,13,604,0.96875,0.7384096774193549,0.9789303079416531,70.03,96.88,73.84,97.89,Performance Loss,🟡 Average,1,✅ Normal
2026-08-23,B,M1-HPDC,480,11,28.65,881,91,790,0.9770833333333333,0.8969669509594882,0.8967082860385925,78.59,97.71,89.7,89.67,Quality Loss,🟡 Average,1,✅ Normal
2026-08-23,B,M2-HPDC,480,26,32.4,732,35,697,0.9458333333333333,0.8706607929515419,0.9521857923497268,78.41,94.58,87.07,95.22,Quality Loss,🟡 Average,1,✅ Normal
2026-08-23,B,M3-HPDC,480,100,30.93,647,45,602,0.7916666666666666,0.8777065789473684,0.9304482225656878,64.65,79.17,87.77,93.04,Availability Loss,🔴 Below Average,1,✅ Normal
2026-08-23,B,M4-HPDC,480,39,32.9,722,78,644,0.91875,0.8977248677248677,0.8919667590027701,73.57,91.88,89.77,89.2,Quality Loss,🟡 Average,1,✅ Normal
2026-08-23,C,M1-HPDC,480,70,31.09,566,35,531,0.8541666666666666,0.7153227642276422,0.9381625441696113,57.32,85.42,71.53,93.82,Performance Loss,🔴 Below Average,1,✅ Normal
2026-08-23,C,M2-HPDC,480,70,32.11,525,35,490,0.8541666666666666,0.6852743902439025,0.9333333333333333,54.63,85.42,68.53,93.33,Performance Loss,🔴 Below Average,1,✅ Normal
2026-08-23,C,M3-HPDC,480,137,34.29,554,21,533,0.7145833333333333,0.923064139941691,0.9620938628158845,63.46,71.46,92.31,96.21,Availability Loss,🔴 Below Average,-1,⚠️ Anomaly
2026-08-23,C,M4-HPDC,480,50,34.98,579,23,556,0.8958333333333334,0.7850162790697673,0.9602763385146805,67.53,89.58,78.5,96.03,Performance Loss,🟡 Average,1,✅ Normal
2026-08-24,A,M1-HPDC,480,15,33.25,796,58,738,0.96875,0.9486379928315413,0.9271356783919598,85.2,96.88,94.86,92.71,Quality Loss,🟢 World Class,-1,⚠️ Anomaly
2026-08-24,A,M2-HPDC,480,56,32.02,752,40,712,0.8833333333333333,0.9465031446540881,0.9468085106382979,79.16,88.33,94.65,94.68,Quality Loss,🟡 Average,1,✅ Normal
2026-08-24,A,M3-HPDC,480,88,32.32,550,31,519,0.8166666666666667,0.7557823129251701,0.9436363636363636,58.24,81.67,75.58,94.36,Availability Loss,🔴 Below Average,1,✅ Normal
2026-08-24,A,M4-HPDC,480,15,29.48,845,68,777,0.96875,0.892853046594982,0.919526627218935,79.53,96.88,89.29,91.95,Quality Loss,🟡 Average,1,✅ Normal
2026-08-24,B,M1-HPDC,480,31,33.7,739,63,676,0.9354166666666667,0.9244357832219748,0.9147496617050067,79.1,93.54,92.44,91.47,Quality Loss,🟡 Average,1,✅ Normal
2026-08-24,B,M2-HPDC,480,35,30.58,609,53,556,0.9270833333333334,0.6974988764044943,0.9129720853858785,59.04,92.71,69.75,91.3,Performance Loss,🔴 Below Average,1,✅ Normal
2026-08-24,B,M3-HPDC,480,92,32.71,482,38,444,0.8083333333333333,0.6772431271477664,0.921161825726141,50.43,80.83,67.72,92.12,Availability Loss,🔴 Below Average,1,✅ Normal
2026-08-24,B,M4-HPDC,480,19,34.62,715,47,668,0.9604166666666667,0.8949132321041214,0.9342657342657342,80.3,96.04,89.49,93.43,Quality Loss,🟡 Average,1,✅ Normal
2026-08-24,C,M1-HPDC,480,92,32.74,587,27,560,0.8083333333333333,0.8255317869415808,0.9540034071550255,63.66,80.83,82.55,95.4,Availability Loss,🔴 Below Average,1,✅ Normal
2026-08-24,C,M2-HPDC,480,99,30.66,687,19,668,0.79375,0.9214094488188977,0.9723435225618632,71.11,79.38,92.14,97.23,Availability Loss,🟡 Average,1,✅ Normal
2026-08-24,C,M3-HPDC,480,65,32.32,646,64,582,0.8645833333333334,0.8385028112449799,0.9009287925696594,65.31,86.46,83.85,90.09,Performance Loss,🟡 Average,1,✅ Normal
2026-08-24,C,M4-HPDC,480,78,33.64,509,36,473,0.8375,0.7098988391376452,0.9292730844793713,55.25,83.75,70.99,92.93,Availability Loss,🔴 Below Average,1,✅ Normal
2026-08-25,A,M1-HPDC,480,36,34.64,503,59,444,0.925,0.6540510510510511,0.882703777335984,53.4,92.5,65.41,88.27,Performance Loss,🔴 Below Average,-1,⚠️ Anomaly
2026-08-25,A,M2-HPDC,480,42,29.07,627,28,599,0.9125,0.6935650684931507,0.9553429027113237,60.46,91.25,69.36,95.53,Performance Loss,🔴 Below Average,1,✅ Normal
2026-08-25,A,M3-HPDC,480,63,33.2,715,59,656,0.86875,0.9487609912070345,0.9174825174825175,75.62,86.88,94.88,91.75,Quality Loss,🟡 Average,1,✅ Normal
2026-08-25,A,M4-HPDC,480,26,29.8,737,36,701,0.9458333333333333,0.8062628487518356,0.9511533242876526,72.53,94.58,80.63,95.12,Performance Loss,🟡 Average,1,✅ Normal
2026-08-25,B,M1-HPDC,480,31,28.58,889,92,797,0.9354166666666667,0.9431187824795843,0.8965129358830146,79.09,93.54,94.31,89.65,Quality Loss,🟡 Average,1,✅ Normal
2026-08-25,B,M2-HPDC,480,56,28.08,658,55,603,0.8833333333333333,0.7262830188679245,0.9164133738601824,58.79,88.33,72.63,91.64,Performance Loss,🔴 Below Average,1,✅ Normal
2026-08-25,B,M3-HPDC,480,96,31.66,598,31,567,0.8,0.8217309027777778,0.9481605351170569,62.33,80.0,82.17,94.82,Availability Loss,🔴 Below Average,1,✅ Normal
2026-08-25,B,M4-HPDC,480,15,28.51,671,68,603,0.96875,0.6856706093189965,0.8986587183308494,59.69,96.88,68.57,89.87,Performance Loss,🔴 Below Average,1,✅ Normal
2026-08-25,C,M1-HPDC,480,96,31.38,583,12,571,0.8,0.7940338541666667,0.9794168096054888,62.22,80.0,79.4,97.94,Availability Loss,🔴 Below Average,1,✅ Normal
2026-08-25,C,M2-HPDC,480,54,28.75,687,63,624,0.8875,0.7727406103286385,0.9082969432314411,62.29,88.75,77.27,90.83,Performance Loss,🔴 Below Average,1,✅ Normal
2026-08-25,C,M3-HPDC,480,146,30.62,470,17,453,0.6958333333333333,0.7181337325349301,0.9638297872340426,48.16,69.58,71.81,96.38,Availability Loss,🔴 Below Average,-1,⚠️ Anomaly
2026-08-25,C,M4-HPDC,480,72,29.48,566,37,529,0.85,0.6816045751633987,0.9346289752650176,54.15,85.0,68.16,93.46,Performance Loss,🔴 Below Average,1,✅ Normal
2026-08-26,A,M1-HPDC,480,10,34.88,579,28,551,0.9791666666666666,0.7161531914893617,0.9516407599309153,66.73,97.92,71.62,95.16,Performance Loss,🟡 Average,1,✅ Normal
2026-08-26,A,M2-HPDC,480,17,31.64,769,38,731,0.9645833333333333,0.8758516918646508,0.9505851755526658,80.31,96.46,87.59,95.06,Quality Loss,🟡 Average,1,✅ Normal
2026-08-26,A,M3-HPDC,480,83,29.13,551,41,510,0.8270833333333333,0.6738299748110831,0.925589836660617,51.58,82.71,67.38,92.56,Availability Loss,🔴 Below Average,1,✅ Normal
2026-08-26,A,M4-HPDC,480,19,32.88,607,27,580,0.9604166666666667,0.7215531453362256,0.9555189456342669,66.22,96.04,72.16,95.55,Performance Loss,🟡 Average,1,✅ Normal
2026-08-26,B,M1-HPDC,480,59,32.63,567,45,522,0.8770833333333333,0.7324311163895488,0.9206349206349206,59.14,87.71,73.24,92.06,Performance Loss,🔴 Below Average,1,✅ Normal
2026-08-26,B,M2-HPDC,480,43,33.53,649,65,584,0.9104166666666667,0.8299378337147216,0.8998459167950693,67.99,91.04,82.99,89.98,Performance Loss,🟡 Average,1,✅ Normal
2026-08-26,B,M3-HPDC,480,70,33.43,543,23,520,0.8541666666666666,0.7379060975609757,0.9576427255985267,60.36,85.42,73.79,95.76,Performance Loss,🔴 Below Average,1,✅ Normal
2026-08-26,B,M4-HPDC,480,30,32.16,600,60,540,0.9375,0.7146666666666666,0.9,60.3,93.75,71.47,90.0,Performance Loss,🔴 Below Average,1,✅ Normal
2026-08-26,C,M1-HPDC,480,66,31.15,722,84,638,0.8625,0.9054066022544283,0.8836565096952909,69.01,86.25,90.54,88.37,Quality Loss,🟡 Average,1,✅ Normal
2026-08-26,C,M2-HPDC,480,77,34.65,528,36,492,0.8395833333333333,0.7566253101736973,0.9318181818181818,59.19,83.96,75.66,93.18,Availability Loss,🔴 Below Average,1,✅ Normal
2026-08-26,C,M3-HPDC,480,70,34.18,554,25,529,0.8541666666666666,0.7697447154471545,0.9548736462093863,62.78,85.42,76.97,95.49,Performance Loss,🔴 Below Average,1,✅ Normal
2026-08-26,C,M4-HPDC,480,64,33.29,521,22,499,0.8666666666666667,0.6948754006410256,0.9577735124760077,57.68,86.67,69.49,95.78,Performance Loss,🔴 Below Average,1,✅ Normal
2026-08-27,A,M1-HPDC,480,16,33.88,598,24,574,0.9666666666666667,0.7277385057471265,0.959866220735786,67.52,96.67,72.77,95.99,Performance Loss,🟡 Average,1,✅ Normal
2026-08-27,A,M2-HPDC,480,16,34.54,553,58,495,0.9666666666666667,0.6860854885057471,0.895117540687161,59.37,96.67,68.61,89.51,Performance Loss,🔴 Below Average,1,✅ Normal
2026-08-27,A,M3-HPDC,480,83,29.7,701,34,667,0.8270833333333333,0.8740428211586903,0.9514978601997147,68.78,82.71,87.4,95.15,Availability Loss,🟡 Average,1,✅ Normal
2026-08-27,A,M4-HPDC,480,42,31.94,777,44,733,0.9125,0.9443447488584475,0.9433719433719434,81.29,91.25,94.43,94.34,Quality Loss,🟡 Average,1,✅ Normal
2026-08-27,B,M1-HPDC,480,40,29.68,755,86,669,0.9166666666666666,0.8488030303030304,0.8860927152317881,68.94,91.67,84.88,88.61,Performance Loss,🟡 Average,1,✅ Normal
2026-08-27,B,M2-HPDC,480,36,30.63,714,32,682,0.925,0.8209391891891892,0.9551820728291317,72.53,92.5,82.09,95.52,Performance Loss,🟡 Average,1,✅ Normal
2026-08-27,B,M3-HPDC,480,82,30.55,736,22,714,0.8291666666666667,0.941574539363484,0.970108695652174,75.74,82.92,94.16,97.01,Availability Loss,🟡 Average,1,✅ Normal
2026-08-27,B,M4-HPDC,480,39,28.21,677,77,600,0.91875,0.7217751322751323,0.8862629246676514,58.77,91.88,72.18,88.63,Performance Loss,🔴 Below Average,1,✅ Normal
2026-08-27,C,M1-HPDC,480,79,32.21,700,30,670,0.8354166666666667,0.937115544472153,0.9571428571428572,74.93,83.54,93.71,95.71,Availability Loss,🟡 Average,1,✅ Normal
2026-08-27,C,M2-HPDC,480,77,28.31,704,15,689,0.8395833333333333,0.8242448304383787,0.9786931818181818,67.73,83.96,82.42,97.87,Availability Loss,🟡 Average,1,✅ Normal
2026-08-27,C,M3-HPDC,480,76,34.91,543,52,491,0.8416666666666667,0.7820185643564356,0.9042357274401474,59.52,84.17,78.2,90.42,Availability Loss,🔴 Below Average,1,✅ Normal
2026-08-27,C,M4-HPDC,480,62,29.17,732,24,708,0.8708333333333333,0.8513732057416269,0.9672131147540983,71.71,87.08,85.14,96.72,Quality Loss,🟡 Average,1,✅ Normal
2026-08-28,A,M1-HPDC,480,45,30.91,775,80,695,0.90625,0.9178256704980843,0.896774193548387,74.59,90.62,91.78,89.68,Quality Loss,🟡 Average,1,✅ Normal
2026-08-28,A,M2-HPDC,480,33,29.61,710,79,631,0.93125,0.7838590604026845,0.8887323943661972,64.87,93.12,78.39,88.87,Performance Loss,🔴 Below Average,1,✅ Normal
2026-08-28,A,M3-HPDC,480,70,30.3,666,44,622,0.8541666666666666,0.8203170731707317,0.933933933933934,65.44,85.42,82.03,93.39,Performance Loss,🟡 Average,1,✅ Normal
2026-08-28,A,M4-HPDC,480,19,29.14,877,19,858,0.9604166666666667,0.9239255242227042,0.9783352337514253,86.81,96.04,92.39,97.83,Quality Loss,🟢 World Class,-1,⚠️ Anomaly
2026-08-28,B,M1-HPDC,480,13,31.12,692,52,640,0.9729166666666667,0.7685596002855104,0.9248554913294798,69.16,97.29,76.86,92.49,Performance Loss,🟡 Average,1,✅ Normal
2026-08-28,B,M2-HPDC,480,25,34.86,658,27,631,0.9479166666666666,0.8402153846153847,0.958966565349544,76.38,94.79,84.02,95.9,Performance Loss,🟡 Average,1,✅ Normal
2026-08-28,B,M3-HPDC,480,138,29.34,620,63,557,0.7125,0.8864912280701754,0.8983870967741936,56.74,71.25,88.65,89.84,Availability Loss,🔴 Below Average,-1,⚠️ Anomaly
2026-08-28,B,M4-HPDC,480,29,32.23,561,64,497,0.9395833333333333,0.6681829268292683,0.8859180035650623,55.62,93.96,66.82,88.59,Performance Loss,🔴 Below Average,1,✅ Normal
2026-08-28,C,M1-HPDC,480,70,34.58,658,49,609,0.8541666666666666,0.9249447154471544,0.925531914893617,73.12,85.42,92.49,92.55,Quality Loss,🟡 Average,1,✅ Normal
2026-08-28,C,M2-HPDC,480,53,30.42,625,43,582,0.8895833333333333,0.742096018735363,0.9312,61.47,88.96,74.21,93.12,Performance Loss,🔴 Below Average,1,✅ Normal
2026-08-28,C,M3-HPDC,480,82,31.57,533,55,478,0.8291666666666667,0.7046402847571189,0.8968105065666041,52.4,82.92,70.46,89.68,Availability Loss,🔴 Below Average,1,✅ Normal
2026-08-28,C,M4-HPDC,480,42,32.79,646,54,592,0.9125,0.8060251141552511,0.9164086687306502,67.4,91.25,80.6,91.64,Performance Loss,🟡 Average,1,✅ Normal
2026-08-29,A,M1-HPDC,480,47,32.65,654,26,628,0.9020833333333333,0.821905311778291,0.9602446483180428,71.2,90.21,82.19,96.02,Performance Loss,🟡 Average,1,✅ Normal
2026-08-29,A,M2-HPDC,480,29,30.37,845,32,813,0.9395833333333333,0.9483610495195861,0.9621301775147929,85.73,93.96,94.84,96.21,Quality Loss,🟢 World Class,1,✅ Normal
2026-08-29,A,M3-HPDC,480,98,31.38,689,61,628,0.7958333333333333,0.9433167539267016,0.9114658925979681,68.43,79.58,94.33,91.15,Availability Loss,🟡 Average,1,✅ Normal
2026-08-29,A,M4-HPDC,480,41,30.72,648,28,620,0.9145833333333333,0.755753986332574,0.9567901234567902,66.13,91.46,75.58,95.68,Performance Loss,🟡 Average,1,✅ Normal
2026-08-29,B,M1-HPDC,480,34,28.64,819,88,731,0.9291666666666667,0.8765381165919283,0.8925518925518926,72.69,92.92,87.65,89.26,Quality Loss,🟡 Average,1,✅ Normal
2026-08-29,B,M2-HPDC,480,35,28.14,697,17,680,0.9270833333333334,0.7345910112359552,0.975609756097561,66.44,92.71,73.46,97.56,Performance Loss,🟡 Average,1,✅ Normal
2026-08-29,B,M3-HPDC,480,120,30.42,546,29,517,0.75,0.76895,0.9468864468864469,54.61,75.0,76.9,94.69,Availability Loss,🔴 Below Average,1,✅ Normal
2026-08-29,B,M4-HPDC,480,14,29.3,872,41,831,0.9708333333333333,0.91379113018598,0.9529816513761468,84.54,97.08,91.38,95.3,Quality Loss,🟡 Average,1,✅ Normal
2026-08-29,C,M1-HPDC,480,42,28.09,799,48,751,0.9125,0.8540300608828006,0.9399249061326659,73.25,91.25,85.4,93.99,Quality Loss,🟡 Average,1,✅ Normal
2026-08-29,C,M2-HPDC,480,87,34.42,636,37,599,0.81875,0.9283765903307889,0.9418238993710691,71.59,81.88,92.84,94.18,Availability Loss,🟡 Average,1,✅ Normal
2026-08-29,C,M3-HPDC,480,105,30.0,674,62,612,0.78125,0.8986666666666666,0.9080118694362018,63.75,78.12,89.87,90.8,Availability Loss,🔴 Below Average,1,✅ Normal
2026-08-29,C,M4-HPDC,480,87,33.72,465,36,429,0.81875,0.6649618320610686,0.9225806451612903,50.23,81.88,66.5,92.26,Availability Loss,🔴 Below Average,1,✅ Normal
